﻿<?xml version="1.0" encoding="utf-8"?>
<Table KeyType="System.UInt16" ValueType="System.String">
  <!-- Enemies -->
  
  <Actor Key="0002" Var="...." Scale="0.01875" Animated="1">object_sk2</Actor>  <!-- stalfos -->
  <Actor Key="0025" Var="..[^(FE)]" Scale="0.015" Animated="1" Hierarchy="2">object_zf</Actor>  <!-- lizalfos -->
  <Actor Key="0025" Var="..FE" Scale="0.015" Animated="1">object_zf</Actor>  <!-- dinolfos -->
  <Actor Key="002D" Var="...." Offset="00001000" Scale="1.0">object_bubble</Actor>  <!-- shabom -->
  <Actor Key="000D" Var="...[^2-3]" Scale="0.01" Animated="1">object_po_field</Actor>  <!-- poe (wrong Hierarchy)-->
  <Actor Key="000D" Var="...2" Scale="0.01" Animated="1">object_po_composer</Actor>  <!-- poe brother -->
  <Actor Key="000D" Var="...3" Scale="0.01" Animated="1" Hierarchy="2">object_po_composer</Actor>  <!-- poe brother (not rendered?) -->
  <Actor Key="001D" Var="^(?!0001)" Scale="0.036" Animated="1">object_peehat</Actor>  <!-- peahat -->
  <Actor Key="0013" Var="...." Scale="0.005" Animated="1">object_firefly</Actor>  <!-- keese -->
  <Actor Key="0012" Var="...." Scale="0.01875" Animated="1">object_dodongo</Actor>  <!-- dodongo -->
  <Actor Key="001B" Var="FFFE" Scale="0.01" TextureOffsets="00001300,00001700,00001900" Animated="1">object_tite</Actor>  <!-- blue tektite -->
  <Actor Key="001B" Var="^(?!FFFE)" Scale="0.01" TextureOffsets="00001B00,00001F00,00002100" Animated="1">object_tite</Actor>  <!-- tektite -->
  <Actor Key="00DD" Var="...." Offset="00000470" Scale="0.05" >object_rr</Actor>  <!-- like-like (uh) -->
  <Actor Key="001C" Var="...." Scale="0.03" Animated="1">object_reeba</Actor>  <!-- Leever -->
  <Actor Key="002B" Var="...." Scale="0.01" Animated="1">object_gol</Actor>  <!-- Gohma larva -->
  <Actor Key="002F" Var="...." Scale="0.02" Animated="1">object_dodojr</Actor>  <!-- Baby dodongo -->
  <Actor Key="0034" Var="...." Scale="0.01" Animated="1">object_bl</Actor>  <!-- Biri -->
  <Actor Key="0035" Var="...." Scale="0.03" Animated="1">object_tp</Actor>  <!-- Taliparisan (Not Rendered) -->
  <Actor Key="0037" Var="...[^1]" Scale="0.04" Animated="1">object_st</Actor>  <!-- Skulltula -->
  <Actor Key="0037" Var="...1" Scale="0.056" Animated="1">object_st</Actor>  <!-- Skulltula (bigger) -->
  <Actor Key="0038" Var="...." Scale="0.0129395" Animated="1">object_bw</Actor>  <!-- Torch slug -->
  <Actor Key="003A" Var="...." Scale="0.005" Animated="1">object_ei</Actor>  <!-- Stinger -->
  <Actor Key="004B" Var="..00" Scale="0.02" Animated="1" Hierarchy="2">object_mb</Actor>  <!-- Ground pounding moblin -->
  <Actor Key="004B" Var="..FF" Scale="0.02" Animated="1">object_mb</Actor>  <!-- Spear moblin -->
	<Actor Key="0054" Var="...." Scale="0.01" Animated="1" Animation="2">object_am</Actor>  <!-- Armos -->
  <Actor Key="0055" Var="...0" Scale="0.005" Animated="1">object_dekubaba</Actor>  <!-- Deku baba -->
  <Actor Key="0055" Var="...1" Scale="0.0125" Animated="1">object_dekubaba</Actor>  <!-- Deku baba (big) -->
  <Actor Key="0060" Var="...." Scale="0.01" Animated="1">object_dekunuts</Actor>  <!-- Deku scrub -->
  <Actor Key="0063" Var="...." Scale="0.01" Animated="1">object_vali</Actor>  <!-- Bari -->
  <Actor Key="0095" Var="0000" Scale="0.02" Animated="1">object_st</Actor>  <!-- Skullwalltula -->
  <Actor Key="0095" Var="^(?!0000)" Scale="0.02" Animated="1">custom_skulltula</Actor>  <!-- golden skulltula -->
  <Actor Key="0113" Var="...." Scale="0.012" Animated="1" Animation="11" Hierarchy="9" Colors="245,225,155,30,30,0">object_ik</Actor><!-- iron knuckle -->
  
  <Actor Key="000E" Var="...." Scale="0.01" Animated="1" >object_okuta</Actor><!-- octorock -->
  <Actor Key="0011" Var="...." Scale="0.01" Animated="1" >object_wallmaster</Actor><!-- wallmaster -->
  <Actor Key="006B" Var="...." Scale="1" Offset="00000970" >object_yukabyun</Actor><!-- flying floor tile -->
  <Actor Key="0090" Var="..[^8F]." Scale="0.01" Animation="10" Animated="1" Hierarchy="2">object_rd</Actor><!-- redead -->
  <Actor Key="0090" Var="..[8F]." Scale="0.01" Animated="1" >object_rd</Actor><!-- gibdo -->
  <Actor Key="00A4" Var="...." Scale="0.01" Animated="1" Hierarchy="2">object_dh</Actor><!-- deadhand -->
  <Actor Key="00A5" Var="...." Scale="0.01" Animated="1" >object_dh</Actor><!-- deadhand hand-->
  <Actor Key="00B5" Var="...." Scale="0.02023639" Offset="00000DE0" >object_efc_star_field</Actor><!-- flying rubble-->
  <Actor Key="00C5" Var="...." Scale="0.006" Animated="1" >object_sb</Actor><!-- shell blade-->
  <!--Actor Key="00DE" Var="...." Scale="0.01" Offset="000022F0" >object_bxa</Actor--><!-- jabujabu tent-->
  <Actor Key="00E0" Var="...." Scale="0.015" Animated="1" >object_anubice</Actor><!-- anubis-->
  <Actor Key="00EC" Var="...." Scale="0.01" Offset="00001DD0" >object_ny</Actor><!-- spike enemy-->
  <Actor Key="0121" Var="...." Scale="0.008" Offset="00001130" >object_fz</Actor><!-- freezard -->
  <Actor Key="018C" Var="...." Scale="0.003" Animated="1" >object_ei</Actor><!-- stingray -->
  <Actor Key="01AF" Var="...0" Scale="0.0075" TextureOffsets="00007B68" Animated="1" Hierarchy="2">object_wf</Actor><!-- wolfos -->
  <Actor Key="01AF" Var="...1" Scale="0.01" TextureOffsets="00000300" Animated="1" >object_wf</Actor><!-- snow wolfos -->
  <Actor Key="01B0" Var="...." Scale="0.01" Animated="1">object_skb</Actor><!-- stalchildren -->
  
  <Actor Key="008A" Var="...." Scale="0.01" Animated="1">object_vm</Actor><!-- beamos -->
  <Actor Key="0069" Var="...." Scale="0.01" Animated="1">object_Bb</Actor><!-- bubble -->
  <Actor Key="011A" Var="...." Scale="0.01" Animated="1">object_shopnuts</Actor><!-- deku salesman -->
  <Actor Key="0192" Var="...." Scale="0.01" Animated="1">object_hintnuts</Actor><!-- dekutree deku -->
  
  <Actor Key="01C0" Var="...." Scale="0.01" Animated="1">object_crow</Actor><!-- guay -->
  <Actor Key="01C6" Var="...." Scale="0.01007735" Animated="1">object_cow</Actor><!-- cow -->
  
  <Actor Key="0028" Var="...." Scale="0.015" Animated="1">object_goma</Actor><!-- gohma (bad scale) -->
  <Actor Key="0027" Var="...." Scale="0.015" Animated="1">object_kingdodongo</Actor><!-- king dodongo -->
  <Actor Key="00BA" Var="...." Scale="0.015" Animated="1" Hierarchy="2">object_bv</Actor><!-- barinade -->
  <!--Actor Key="0096" Var="...." Scale="0.015" Animated="1" Hierarchy="3">object_fd</Actor--><!-- volvagia -->
  <Actor Key="0052" Var="...." Scale="0.015" Animated="1">object_gnd</Actor><!-- phantom ganon -->
  <Actor Key="00C4" Var="...." Scale="0.015" Offset="00006700" DListCount="2">object_mo</Actor><!-- morpha -->
  <!--Actor Key="00DC" Var="...." Scale="0.015" Animated="1" Hierarchy="3">object_tw</Actor--><!-- twin roba -->
  <Actor Key="00E9" Var="...." Scale="0.015" Animated="1">object_sst</Actor><!-- bongo bongo -->
  <Actor Key="00E8" Var="...." Scale="0.015" Animated="1">object_ganon</Actor><!-- ganondorf -->
  <Actor Key="0033" Var="...." Scale="0.015" Animated="1">object_torch2</Actor><!-- dark link -->
  <Actor Key="017A" Var="...." Scale="0.015" Animated="1">object_ganon2</Actor><!-- ganon -->
  <Actor Key="0000" Var="[^(00)].." Scale="0.0048" Offset="00010830">custom_adultlink</Actor><!-- Link -->
  <Actor Key="FFFF" Var="[^(00)].." Scale="0.0048" Offset="00007DD0">custom_childlink</Actor><!-- Child Link -->

  <!--Actor Key="003C" Var="...." Scale="0.1" Animated="1" >object_horse_normal</Actor--> <!-- normal horse -->
  <!--Actor Key="009A" Var="...." Scale="0.1" Animated="1" >object_horse_link_child</Actor--> <!-- young epona -->
  <!--Actor Key="0014" Var="...." Scale="0.1" Animated="1" >object_horse</Actor--> <!-- epona -->


  <!-- Other -->
  
  <Actor Key="01B4" Var="...." Offset="0000BEC0" Scale="0.1">object_demo_kekkai</Actor>   <!-- transparent puzzle block -->
  <Actor Key="0111" Var="...." Offset="000017C0" Scale="0.15">object_tsubo</Actor>   <!-- breakable pot -->
  <Actor Key="01D1" Var="...." Offset="00000980" Scale="1.0" IgnoreRotation="0,0,1">object_timeblock</Actor>   <!-- timeblock (large) -->
  <Actor Key="0107" Var="...." Offset="00000180" Scale="0.1">object_spot15_obj</Actor>  <!-- milk crate -->
  <Actor Key="00F8" Var="...." Offset="000003C0" Scale="0.1">object_spot15_obj</Actor>  <!-- hyrule castle gate -->
  <Actor Key="004A" Var="FFFF" Offset="00000430" Scale="1.0">object_spot00_objects</Actor>  <!-- hyrule field bridge-->
  <Actor Key="004C" Var="FFFF" Offset="00000340" Scale="0.01" DListCount="2">object_bombf</Actor>  <!-- bomb flower-->
  <Actor Key="000A" Var="2..." Offsets="00003680,000041B0" Scale="0.01" IgnoreRotation="0,0,1" >custom_chest</Actor>  <!-- boss chest -->
  <Actor Key="000A" Var="[^25-8]..." Offsets="00003060,00003C60" Scale="0.01" IgnoreRotation="0,0,1" >custom_chest</Actor>  <!-- large chest -->
  <Actor Key="000A" Var="[5-8]..." Offsets="00003060,00003C60" Scale="0.005" IgnoreRotation="0,0,1" >custom_chest</Actor>  <!-- small chest -->
  <Actor Key="0039" Var="...9" Offset="0003C050" Scale="0.01">gameplay_keep</Actor>  <!-- unbreakable sign -->
  <Actor Key="0039" Var="...A" Offset="0003C5B0" Scale="0.01">gameplay_keep</Actor>  <!-- directional sign -->
  <Actor Key="0049" Var="...." Offset="000184B0" Scale="0.09" Colors="255,0,0,0,255,220,0,125">gameplay_keep</Actor>  <!-- fire circle (appears white)-->
  <Actor Key="0015" Var="..00" Offset="00042440" TextureOffsets="00042140" Yoff="11" RotY="960" Scale="0.015">gameplay_keep</Actor>  <!-- 1 rupee -->
  <Actor Key="0015" Var="..01" Offset="00042440" TextureOffsets="00042160" Yoff="11" RotY="960" Scale="0.015">gameplay_keep</Actor>  <!-- 5 rupees -->
  <Actor Key="0015" Var="..02" Offset="00042440" TextureOffsets="00042180" Yoff="11" RotY="960" Scale="0.015">gameplay_keep</Actor>  <!-- 20 rupees -->
  <Actor Key="0015" Var="..03" Offset="000000E0" Yoff="10" RotY="960" Scale="0.5">object_gi_heart</Actor>  <!-- heart  -->
  <!--Actor Key="0015" Var="...[45]" Offset="0003f070" Scale="0.03">gameplay_keep</Actor-->  <!-- bomb? -->
  <Actor Key="0015" Var="..06" Offset="0003B030" Yoff="13" RotY="960" Scale="0.02">gameplay_keep</Actor>  <!-- heart piece -->

  <Actor Key="014E" Var="...0" Offset="0000A880" Yoff="4" Scale="0.1">gameplay_field_keep</Actor>  <!-- small rock -->
  <Actor Key="014E" Var="...1" Offset="0000A3C0" Yoff="32" Scale="0.4">gameplay_field_keep</Actor>  <!-- silver boulder -->
  <Actor Key="0039" Var="...7" Offset="0000B9D0" Scale="1.0">gameplay_field_keep</Actor>  <!-- grass clump (BETA)-->
  <Actor Key="009B" Var="...." Offset="00001390" Scale="0.01" IgnoreRotation="0,0,1">gameplay_field_keep</Actor>  <!-- grotto hole -->
  
  <Actor Key="012A" Var="..20" Offset="00005D50" Scale="0.1">gameplay_dangeon_keep</Actor>  <!-- blue floor switch -->
  <Actor Key="012A" Var="..10" Offset="00006170" Scale="0.1">gameplay_dangeon_keep</Actor>  <!-- red floor switch -->
  <Actor Key="012A" Var="...0" Offset="00005800" Scale="0.1">gameplay_dangeon_keep</Actor>  <!-- floor switch -->
  <Actor Key="012A" Var="...1" Offset="00005AD0" Scale="0.1">gameplay_dangeon_keep</Actor>  <!-- rusted floor switch -->
  <Actor Key="012A" Var="..12" Offset="00006810" TextureOffsets="0000B0A0" Scale="0.1">gameplay_dangeon_keep</Actor>  <!-- silver eye switch -->
  <Actor Key="012A" Var="...2" Offset="00006610" TextureOffsets="0000A8A0" Scale="0.1">gameplay_dangeon_keep</Actor>  <!-- yellow eye switch -->
  <Actor Key="012A" Var="..1[3-4]" Offsets="00006D10,00007488" Colors="255,0,0,125" Scale="0.1">gameplay_dangeon_keep</Actor>  <!-- red crystal switch -->
  <Actor Key="012A" Var="...[3-4]" Offsets="00006D10,00007488" Colors="255,255,255,125" Scale="0.1">gameplay_dangeon_keep</Actor>  <!-- crystal switch -->
  <Actor Key="0127" Var="...." Offset="000009E0" Scale="0.1">object_bombiwa</Actor>  <!-- bombable boulder -->
  <Actor Key="00FF" Var="...0" Offset="00004CD0" Collision="00004E98" Scale="0.1" TextureOffsets="00003350">gameplay_dangeon_keep</Actor>  <!-- pushable block -->
  <Actor Key="00FF" Var="...1" Offset="00004CD0" Collision="00004E98" Scale="0.1666667" TextureOffsets="00003350">gameplay_dangeon_keep</Actor>  <!-- pushable block -->
  <Actor Key="00FF" Var="...2" Offset="00004CD0" Collision="00004E98" Scale="0.2" TextureOffsets="00003350">gameplay_dangeon_keep</Actor>  <!-- pushable block -->
  <Actor Key="00FF" Var="...3" Offset="00004CD0" Collision="00004E98" Scale="0.33333331" TextureOffsets="00003350">gameplay_dangeon_keep</Actor>  <!-- pushable block -->
  <Actor Key="012D" Var="...[0-1]" Offset="00000210" Collision="00000730" Scale="0.1">object_d_hsblock</Actor>  <!-- hookshot tower -->
  <Actor Key="012D" Var="...2" Offset="00000470" Scale="0.1">object_d_hsblock</Actor>  <!-- hookshot target -->
  <Actor Key="01BB" Var="0..." Offset="00007130" Scale="0.1">object_mizu_objects</Actor>  <!-- water temple metal gate -->
  <Actor Key="01BB" Var="1..." Offset="000072D0" Scale="0.1">object_mizu_objects</Actor>  <!-- water temple metal gate -->
  <Actor Key="006F" Var="...0" Offset="0000C798" Scale="0.1">object_hidan_objects</Actor>  <!-- metal gate -->
  <Actor Key="006F" Var="...1" Offset="0000BFA8" Scale="0.1">object_hidan_objects</Actor>  <!-- metal gate -->
  <Actor Key="006F" Var="...2" Offset="0000BB58" Scale="0.1">object_hidan_objects</Actor>  <!-- metal gate -->
  <Actor Key="0065" Var="...." Offset="00004B20" Scale="1">object_mizu_objects</Actor>  <!-- water temple waterbox -->
  <Actor Key="00D5" Var="02.." Offset="00000470" Scale="1">object_spot06_objects</Actor>  <!-- lake hylia waterbox (raised) -->
  <Actor Key="00D5" Var="00.." Offset="00000E10" Scale="0.1">object_spot06_objects</Actor>  <!-- lake hylia water temple gate -->
  <Actor Key="00D5" Var="01.." Offset="00002490" Scale="0.1">object_spot06_objects</Actor>  <!-- lake hylia gate lock -->
  <Actor Key="00D5" Var="03.." Offset="00001160" Scale="0.1">object_spot06_objects</Actor>  <!-- lake hylia zora's domain ice block -->
  <Actor Key="01A0" Var="...." Offset="00000960" Scale="0.1" IgnoreRotation="1,0,1">object_kibako2</Actor>  <!-- wooden crate -->
  <Actor Key="00C8" Var="...2" Offset="000038E8" Scale="0.1">object_bdan_objects</Actor>  <!-- jabujabu water plane -->
  <Actor Key="00C8" Var="...1" Offset="00004BE8" Scale="0.1">object_bdan_objects</Actor>  <!-- jabujabu elevator -->
  <Actor Key="00C8" Var="...0" Offset="00008618" Scale="0.1">object_bdan_objects</Actor>  <!-- jabujabu giant octo elevator -->
  <Actor Key="00C8" Var="...3" Offset="00005200" Scale="0.1">object_bdan_objects</Actor>  <!-- jabujabu lowering platform -->
  <Actor Key="00E6" Var="...0" Offset="00005A20" Scale="0.1">object_bdan_objects</Actor>  <!-- jabujabu blue switch -->
  <Actor Key="00E6" Var="...[1-4]" Offset="000061A0" Scale="0.1">object_bdan_objects</Actor>  <!-- jabujabu blue switch -->
  <Actor Key="00EF" Var="00.." Offset="000006F0" Scale="0.1">object_ice_objects</Actor>  <!-- blue fire ice -->
  <Actor Key="00EF" Var="01.." Offset="000006F0" Scale="0.06">object_ice_objects</Actor>  <!-- blue fire ice -->
  <Actor Key="00EF" Var="02.." Offset="000012A0" Scale="0.1">object_ice_objects</Actor>  <!-- blue fire ice -->
  <Actor Key="00EF" Var="03.." Offset="00002640" Scale="0.1">object_ice_objects</Actor>  <!-- blue fire ice -->
  <Actor Key="01C7" Var="...." Offset="000023D0" Scale="0.1">object_ice_objects</Actor>  <!-- icicles -->
  <Actor Key="01C8" Var="...." Offset="00002740" Scale="0.1">object_ice_objects</Actor>  <!-- ice bars -->
  <Actor Key="00D6" Var="...." Offset="00000190" Scale="0.1">object_ice_objects</Actor>  <!-- movable ice block -->
  <Actor Key="00B1" Var="01.." Offset="000021F0" Scale="0.1" RotY="1024">object_ice_objects</Actor>  <!-- spinning ice trap -->
  <Actor Key="0125" Var="...0" Offset="0000B9D0" Scale="0.4">gameplay_field_keep</Actor>  <!-- cuttable grass -->
  <Actor Key="0125" Var="...[1-2]" Offset="00000140" Scale="0.4">object_kusa</Actor>  <!-- cuttable regenerating grass -->
  <Actor Key="012B" Var="...0" Offset="00000180" Scale="0.1">object_d_elevator</Actor>  <!-- stone elevator -->
  <Actor Key="012B" Var="...1" Offset="00000180" Scale="0.05">object_d_elevator</Actor>  <!-- stone elevator -->
  <Actor Key="012C" Var="..[0-9A-D]." Offset="00000140" Scale="0.1">object_d_lift</Actor>  <!-- collapsing platform (fix regex)-->
  <Actor Key="012C" Var="..[E-F]." Offset="00000140" Scale="0.05">object_d_lift</Actor>  <!-- collapsing platform (fix regex)-->
  <Actor Key="009D" Var="...." Offset="000001B0" Scale="0.1">object_haka</Actor>  <!-- gravestone -->
  <Actor Key="011F" Var="...." Offset="00001580" Scale="0.1" >object_spot03_object</Actor>  <!-- waterfall -->
  
  <Actor Key="000F" Var="[^1]..." Offset="000061B0" Scale="0.1">object_ydan_objects</Actor>  <!-- spiderweb covering hole -->
  <Actor Key="000F" Var="1..." Offset="00005F40" Scale="0.1">object_ydan_objects</Actor>  <!-- spiderweb-->
  <Actor Key="0080" Var="...." Offset="00001400" Scale="0.1">object_trap</Actor>  <!-- spike trap-->
  <Actor Key="008D" Var="...." Offset="0000DB20" Scale="0.1" Textures="000173D0,000173D0,00017BD0" Colors="255,0,0,0,255,220,0,125">object_hidan_objects</Actor>  <!-- large flame wall-->
  <Actor Key="0092" Var="...." Offset="000013C0" Scale="1">object_heavy_object</Actor>  <!-- golden gauntlets rock-->
  <Actor Key="0108" Var="...[^1]" Offset="00001220" Scale="0.1">object_umajump</Actor>  <!-- horse fence -->
  <Actor Key="0110" Var="...." Offset="00005290" Scale="0.1">gameplay_dangeon_keep</Actor>  <!-- small liftable crate -->
  <Actor Key="0169" Var="...0" Offset="00000240" Scale="0.1">object_jya_iron</Actor>  <!-- iron knuckle pillar -->
  <Actor Key="0169" Var="...1" Offset="00001050" Scale="0.1">object_jya_iron</Actor>  <!-- iron knuckle trone -->
  <Actor Key="0077" Var="..0[BE]" Offset="00000090" Scale="1" IgnoreRotation="0,0,1">object_wood02</Actor>  <!-- small bush -->
  <Actor Key="0077" Var="..(0C|10)" Offset="00000090" Scale="1.5" IgnoreRotation="0,0,1">object_wood02</Actor>  <!-- large bush -->
  <Actor Key="0077" Var="..1[14]" Offset="00000340" Scale="1" IgnoreRotation="0,0,1">object_wood02</Actor>  <!-- small dark bush -->
  <Actor Key="0077" Var="..1[26]" Offset="00000340" Scale="1.5" IgnoreRotation="0,0,1">object_wood02</Actor>  <!-- large dark bush -->
  <Actor Key="0077" Var="..00" Offset="000078D0" Scale="1.5" DListCount="2" IgnoreRotation="0,0,1">object_wood02</Actor>  <!-- large tree -->
  <Actor Key="0077" Var="..0[14]" Offset="000078D0" Scale="1" DListCount="2" IgnoreRotation="0,0,1">object_wood02</Actor>  <!-- medium tree -->
  <Actor Key="0077" Var="..02" Offset="000078D0" Scale="0.6" DListCount="2" IgnoreRotation="0,0,1">object_wood02</Actor>  <!-- small tree -->
  <Actor Key="0077" Var="..0[579]" Offset="00007CA0" Scale="1" DListCount="2" IgnoreRotation="0,0,1">object_wood02</Actor>  <!-- medium tree dark -->
  <Actor Key="0077" Var="..0[A]" Offset="000080D0" Scale="1" DListCount="2" IgnoreRotation="0,0,1">object_wood02</Actor>  <!-- ugly tree -->
  <Actor Key="0150" Var="...0" Offset="00000260" TextureOffsets="00000C20" Scale="0.1" DListCount="2">object_lightswitch</Actor>  <!-- sun emblem -->
  <Actor Key="0150" Var="...1" Offset="00004CD0" Scale="0.1">gameplay_dangeon_keep</Actor>  <!-- sun emblem block -->
  <Actor Key="005E" Var="0..." Offset="000003A0" Scale="1" >object_syokudai</Actor>  <!-- golden torch -->
  <Actor Key="005E" Var="1..." Offset="00000B90" Scale="1" >object_syokudai</Actor>  <!-- timed torch -->
  <Actor Key="005E" Var="[23]..." Offset="00000870" Scale="1" >object_syokudai</Actor>  <!-- wooden torch -->
  <Actor Key="0105" Var="...." Offset="000003A0" Scale="1" >object_syokudai</Actor>  <!-- poe sisters torch -->
  <Actor Key="01B9" Var="...." Offset="00000950" Scale="0.1" >object_gs</Actor>  <!-- gossip stone  -->
  <Actor Key="01D2" Var="...." Offset="0000A3B8"  Scale="0.4" Colors="255,255,255,255,255,170,130,255">gameplay_field_keep</Actor>  <!-- megaton hammer rock  -->
  <Actor Key="0059" Var="...." Offset="00000040" Scale="0.1" >object_bwall</Actor>  <!-- dodongo's bombable wall  -->
  <Actor Key="015F" Var="...." Offset="00000B70" Scale="0.1" ScaleMask="00FF" ScaleTarget="ZRot" ScaleArray="0.1,0.05,0.1,0.15,0.20,0.25,0.30,0.35,0.40,0.45,0.50,0.55,0.60,0.65,0.70,0.75,0.80,0.85,0.90,0.95,1.0" IgnoreRotation="1,1,1" >object_siofuki</Actor>  <!-- water spout  -->
  <Actor Key="00FC" Var="...." Offset="00010790" Scale="0.1" >object_jya_obj</Actor>  <!-- cobra mirror  -->
  <Actor Key="0009" Var=".0[89A]." Offsets="00001EC0,00002688" Scale="0.01">custom_woodendoor</Actor>  <!-- wooden door (locked) -->
  <Actor Key="0009" Var="...." Offset="00002688" Scale="0.01">custom_woodendoor</Actor>  <!-- wooden door  -->
  <Actor Key="002E" Var="01[4-7]." Offset="000010C0" Scale="1">object_bdoor</Actor>  <!-- sliding door boss  -->
  <Actor Key="002E" Var="00[4-9A-B]." Offsets="000030D0,00002F60" Scale="1">custom_slidingdoor</Actor>  <!-- sliding door front side locked  -->
  <Actor Key="002E" Var="00[C-F]." Offsets="000030D0,00002E70" Scale="1">custom_slidingdoor</Actor>  <!-- sliding door back side locked  -->
  <Actor Key="002E" Var="01[C-F]." Offsets="000030D0,00002E70,00002F60" Scale="1">custom_slidingdoor</Actor>  <!-- sliding door both sides locked -->
  <Actor Key="002E" Var="02[C-F]." Offsets="000030D0,00003400,00002C40" Scale="1">custom_slidingdoor</Actor>  <!-- sliding door key locked-->
  <Actor Key="002E" Var="...." Offsets="000030D0" Scale="1">custom_slidingdoor</Actor>  <!-- sliding door-->
  <Actor Key="0023" Var=".(00|0C|10)." Offset="00000130" Scale="1">custom_blackplane</Actor>  <!-- blackplane  -->
  <Actor Key="0023" Var=".(04|08|14|18)." Offset="00000040" Scale="1">custom_blackplane</Actor>  <!-- blackplane  -->
  <Actor Key="000C" Var="...." Offset="0000DA80" Scale="0.12" TextureOffsets="00015D20" Colors="255,0,0,255,255,255,0,150">object_hidan_objects</Actor>  <!-- proximity activated fire wall  -->
  <Actor Key="0019" Var="...." Animated="1" Scale="0.01">object_niw</Actor>  <!-- cucco  -->
  <Actor Key="0021" Var="...." Animated="1"  Scale="0.01" Hierarchy="1">gameplay_keep</Actor>  <!-- fish  (renders an arrow) -->
  <Actor Key="0040" Var="...0" Offset="0000BBF0" Scale="0.1">object_hidan_objects</Actor>  <!-- megaton hammer statue lower  -->
  <Actor Key="0040" Var="...1" Offset="0000BDF0" Scale="0.1">object_hidan_objects</Actor>  <!-- megaton hammer statue head  -->
  <Actor Key="0186" Var="...." Animated="1" Animation="7" Yoff="18" TextureOffsets="00004F78" Scale="0.01">object_gla</Actor>  <!-- patrolling gerudo -->
  <Actor Key="008F" Var="...." Animated="1" Scale="0.01">object_sd</Actor>  <!-- castle guard  -->
  <Actor Key="0064" Var="[0-2]..." Offset="00000C20" Scale="0.1">object_mizu_objects</Actor>  <!-- water temple sink platform (680 dlist missing)-->
  <Actor Key="0064" Var="[3-6]..." Offset="00002E10" Scale="0.1">object_mizu_objects</Actor>  <!-- water temple dragon head  -->
  <Actor Key="0064" Var="7..." Offset="000011F0" Scale="0.1">object_mizu_objects</Actor>  <!-- water temple moving platform  -->
  <Actor Key="0058" Var="...." Offset="000037B8" Scale="0.1">object_ddan_objects</Actor>  <!-- dodongo rising stone platform -->
  <Actor Key="005C" Var="...." Offset="000048A8" Scale="0.1">object_ddan_objects</Actor>  <!-- dodongo stone stairs -->
  <Actor Key="0061" Var="...." Offset="000038D0" Scale="0.1" RotY="128">object_menkuri_objects</Actor>  <!-- rotating stone ring -->
  <Actor Key="0062" Var="...." Offset="00002D20" Scale="0.1">object_menkuri_objects</Actor>  <!-- Eye platform eye switches -->
  <Actor Key="006E" Var="...0" Offset="00000140" Scale="1">object_mjin_oka</Actor>  <!-- Warp Pad -->
  <Actor Key="006E" Var="...." Offset="00000330" Scale="1">object_mjin</Actor>  <!-- Warp Pad -->
  <Actor Key="0160" Var="...1" Offset="00000950" Scale="0.02">object_stream</Actor>  <!-- water vortex (wrong model)-->
  <Actor Key="0160" Var="...." Offset="00000950" Scale="0.02">object_stream</Actor>  <!-- water vortex -->
  <Actor Key="0120" Var="...0" Offset="00001CF0" Scale="0.1" DListCount="2">object_spot07_object</Actor>  <!-- zora's domain frozen waterfall -->
  <Actor Key="0120" Var="...1" Offset="000032D8" Scale="0.1">object_spot07_object</Actor>  <!-- zora's domain frozen waterfall -->
  <Actor Key="0086" Var="...." Scale="1" Offset="00001E50" >object_mori_objects</Actor><!-- Lowering Circular Platform-->
  <Actor Key="009C" Var="...0" Scale="0.1" Offset="00012A50" >object_spot02_objects</Actor><!-- Eye of Truth-Engraved Door-->
  <Actor Key="009C" Var="...1" Scale="0.1" Offset="000127C0" >object_spot02_objects</Actor><!-- small square patch of ground-->
  <Actor Key="009C" Var="...2" Scale="0.1" Offset="000130B0" >object_spot02_objects</Actor><!-- Royal Tomb Grave-->
  <Actor Key="009C" Var="...4" Scale="0.1" Offset="000013F0" >object_spot02_objects</Actor><!-- Light Aura-->
  <Actor Key="00B1" Var="00.." Scale="0.1" RotY="1024" Offset="0000BF20" >object_haka_objects</Actor><!-- Spinning Scythe-->
  <Actor Key="00BC" Var="...0" Scale="0.1" Offset="00007610" >object_haka_objects</Actor><!-- Guillotine-->
  <Actor Key="00BC" Var="...5" Scale="0.1" Offset="00007610" >object_haka_objects</Actor><!-- Guillotine-->
  <Actor Key="00BC" Var="...4" Scale="0.1" Offset="000072C0" >object_haka_objects</Actor><!-- Propeller-->
  <Actor Key="00BC" Var="...1" Scale="0.1" Offset="00009860" >object_haka_objects</Actor><!-- Spiked box chain-->
  <Actor Key="0130" Var="...." Scale="0.1" Offset="000006B0" IgnoreRotation="0,0,1">object_goroiwa</Actor><!-- Rolling Boulder-->
  <Actor Key="0145" Var="...." Scale="0.1" Offset="00003B20" >object_spot01_matoya</Actor><!-- Stone Blocking Well-->
  <Actor Key="015A" Var="...." Scale="0.1" Offset="0000C0A0" >object_jya_obj</Actor><!-- Circular lifting on approach-->
  <Actor Key="015B" Var="...." Scale="0.1" Offset="0000E490" >object_jya_obj</Actor><!-- Bombable Rock Wall-->
  <Actor Key="0172" Var="...." Scale="1" Offset="00000040" >object_door_gerudo</Actor><!-- Metal Grate Door-->
  <Actor Key="0177" Var="...." Scale="1" Offset="00001080" >object_zg</Actor><!-- Metal Bars-->
  <Actor Key="0184" Var="...." Scale="0.025" Offset="0001C160" >object_dy_obj</Actor><!-- Metal Bars-->
  <Actor Key="0190" Var="...." Scale="0.1" Offset="00001080" >object_spot12_obj</Actor><!-- Gerudo Fortress Wooden Gate-->
  <Actor Key="0191" Var="...." Scale="0.1" Offset="00002260" >object_spot12_obj</Actor><!-- Gerudo Training Area Gate-->
  <Actor Key="01A8" Var="...." Scale="1" Offset="00003898" >object_spot08_obj</Actor><!-- Zora's Fountain Bombable Wall-->
  <Actor Key="01A9" Var="...." Scale="0.1" Offset="000008A0" >object_spot17_obj</Actor><!-- DMCrater Bombable Wall-->
  <Actor Key="01B1" Var="...8" Scale="0.1" Offset="00001D20" >object_gj</Actor><!-- Ganon Battle Rubble-->
  <Actor Key="01B1" Var="...9" Scale="0.1" Offset="00002160" >object_gj</Actor><!-- Ganon Battle Rubble-->
  <Actor Key="01B1" Var="...A" Scale="0.1" Offset="00002600" >object_gj</Actor><!-- Ganon Battle Rubble-->
  <Actor Key="01B1" Var="...B" Scale="0.1" Offset="00002A40" >object_gj</Actor><!-- Ganon Battle Rubble-->
  <Actor Key="01B1" Var="...C" Scale="0.1" Offset="00002E80" >object_gj</Actor><!-- Ganon Battle Rubble-->
  <Actor Key="01B1" Var="...D" Scale="0.1" Offset="00003190" >object_gj</Actor><!-- Ganon Battle Rubble-->
  <Actor Key="01B1" Var="...E" Scale="0.1" Offset="00003710" >object_gj</Actor><!-- Ganon Battle Rubble-->
  <Actor Key="01B3" Var="...." Scale="0.1" Offset="0000E210" >object_demo_kekkai</Actor><!-- Sinkable Lava Platform-->
  <Actor Key="01BA" Var="...0" Scale="0.1" Offset="00001A30" >object_mizu_objects</Actor><!-- Bombable Stone Floor-->
  <Actor Key="01BA" Var="...3" Scale="0.1" Offset="00001CD0" >object_mizu_objects</Actor><!-- Bombable Stone Wall-->
  <Actor Key="01BA" Var="...4" Scale="0.1" Offset="00001770" >object_mizu_objects</Actor><!-- Bombable Stone Wall-->
  <Actor Key="0026" Var="...." Scale="0.015" Offset="000026D0" >object_hata</Actor><!-- Wooden post with Red Cloth-->
  <Actor Key="0041" Var="00.." Scale="0.1" Offset="0000A240">object_hidan_objects</Actor><!-- Huge Stone Spike Platform -->
  <Actor Key="0041" Var="01.." Scale="0.1" Offset="0000C838">object_hidan_objects</Actor> <!-- Huge Stone Spike Platform -->
  <Actor Key="0041" Var="02.." Scale="0.1" Offset="0000C838">object_hidan_objects</Actor> <!-- Huge Stone Spike Platform -->
  <Actor Key="0043" Var="...0" Scale="0.1" Offset="0000C100">object_hidan_objects</Actor> <!-- Fire Temple Stone Block -->
  <Actor Key="0043" Var="...1" Scale="0.1" Offset="0000C1F0">object_hidan_objects</Actor> <!-- Fire Temple Stone Block -->
  <Actor Key="0044" Var="...." Scale="0.1" Offset="0000AD00">object_hidan_objects</Actor> <!-- Spinning Flame Thrower Statue -->
  <Actor Key="0045" Var="...0" Scale="0.1" Offset="0000B0F8">object_hidan_objects</Actor> <!-- Stationary Flame Thrower Statue -->
  <Actor Key="0045" Var="...1" Scale="0.1" Offset="0000ABC8">object_hidan_objects</Actor> <!-- Stationary Flame Thrower Statue -->
  <Actor Key="0046" Var="...0" Scale="0.1" Offset="0000C338">object_hidan_objects</Actor> <!-- Sink Stone Platform -->
  <Actor Key="0046" Var="...1" Scale="0.1" Offset="0000C470">object_hidan_objects</Actor> <!-- Sink Stone Platform -->
  <Actor Key="0047" Var="...." Scale="0.1" Offset="0000A7E0">object_hidan_objects</Actor> <!-- Fire Temple Stone Block -->
  <Actor Key="004E" Var="...." Scale="0.1" Offset="0000B630">object_hidan_objects</Actor> <!-- Elevator Platform -->
  <Actor Key="0050" Var="...0" Scale="0.15" Offset="00007508">object_ydan_objects</Actor> <!-- Back and Forth Moving Platform -->
  <Actor Key="0050" Var="...1" Scale="0.1" Offset="00005DE0">object_ydan_objects</Actor> <!-- Back and Forth Moving Platform -->
  <Actor Key="0050" Var="...2" Scale="0.1" Offset="00005018">object_ydan_objects</Actor> <!-- Back and Forth Moving Platform -->
  <Actor Key="0051" Var="00.." Scale="0.1" Offset="00008D88">object_ydan_objects</Actor> <!-- Rotating Spike Cylinder -->
  <Actor Key="0051" Var="01.." Scale="0.1" Offset="00006570">object_ydan_objects</Actor> <!-- Rotating Spike Cylinder -->
  <Actor Key="005F" Var="...." Scale="0.4" Offsets="00001290,00001470">object_gi_hearts</Actor> <!-- Heart Container -->
  <Actor Key="007D" Var="...0" Scale="0.0025" Offset="00000380">object_pu_box</Actor> <!-- Alpha Stone Cube -->
  <Actor Key="007D" Var="...1" Scale="0.0050" Offset="00000380">object_pu_box</Actor> <!-- Alpha Stone Cube -->
  <Actor Key="007D" Var="...2" Scale="0.0075" Offset="00000380">object_pu_box</Actor> <!-- Alpha Stone Cube -->
  <Actor Key="007D" Var="...3" Scale="0.01" Offset="00000380">object_pu_box</Actor> <!-- Alpha Stone Cube -->
  <Actor Key="0082" Var="...." Scale="0.01" Offset="00000000">object_vase</Actor> <!-- Alpha Orange Pot -->
  <Actor Key="0071" Var="...." Scale="0.1" Offset="0000A668">object_hidan_objects</Actor> <!-- Hammer Steps in Fire Temple -->
  <Actor Key="0087" Var="...." Scale="1" Offset="00002AD0">object_mori_objects</Actor> <!-- Forest Temple Elevator -->
  <Actor Key="00B0" Var="...." Scale="0.1" Offset="0000D330">object_haka_objects</Actor> <!-- Shadow Temple Ship -->
  <Actor Key="00B8" Var="...0" Scale="1" Offset="00000100">object_spot09_obj</Actor> <!-- Gerudo Valley Objects -->
  <Actor Key="00B8" Var="...1" Scale="1" Offset="00003970">object_spot09_obj</Actor> <!-- Gerudo Valley Objects -->
  <Actor Key="00B8" Var="...2" Scale="1" Offset="00001120">object_spot09_obj</Actor> <!-- Gerudo Valley Objects -->
  <Actor Key="00B8" Var="...3" Scale="0.1" Offset="00007D40">object_spot09_obj</Actor> <!-- Gerudo Valley Objects -->
  <Actor Key="00B8" Var="...4" Scale="1" Offset="00006210">object_spot09_obj</Actor> <!-- Gerudo Valley Objects -->
  <Actor Key="00B9" Var="...0" Scale="0.1" Offset="00002BC0">object_spot18_obj</Actor> <!-- Statue from Darunia's Room -->
  <Actor Key="00B9" Var="...1" Scale="0.1" Offset="00002370">object_spot18_obj</Actor> <!-- Statue from Darunia's Room -->
  <Actor Key="00BB" Var="...." Scale="0.1" Offset="0000FE40">object_haka_objects</Actor> <!-- Open Topped Skull Statue -->
  <Actor Key="00BD" Var="01.." Scale="0.1" Offset="000006B0">object_hakach_objects</Actor> <!-- Coffin Lid -->
  <Actor Key="00BE" Var="...0" Scale="0.1" Offset="000064E0">object_haka_objects</Actor> <!-- Bird Statue/Bombables -->
  <Actor Key="00BE" Var="...1" Scale="0.1" Offset="00005CE0">object_haka_objects</Actor> <!-- Bird Statue/Bombables -->
  <!--Actor Key="00BE" Var="...2" Scale="0.1" Offset="00000A10">object_haka_objects</Actor--> <!-- Bird Statue/Bombables -->
  <Actor Key="00BF" Var="...." Scale="0.1" Offset="00000B40">object_spot17_obj</Actor> <!-- Crater Smoke Cone -->
  <Actor Key="00C2" Var="...0" Scale="1" Offset="00000B80">object_shop_dungen</Actor> <!-- Shop Shelves -->
  <Actor Key="00C2" Var="...1" Scale="1" Offset="000027E8">object_shop_dungen</Actor> <!-- Shop Shelves -->
  <Actor Key="00C2" Var="...2" Scale="1" Offset="000027E8">object_shop_dungen</Actor> <!-- Shop Shelves -->
  <Actor Key="00CD" Var="..FF" Scale="0.4" Offset="00000C20">object_spot16_obj</Actor> <!-- Giant Boulder Blocking Dodongo's Cavern -->
  
  <Actor Key="00CF" Var="...0" Scale="0.1" Offset="0000B9C0">object_hidan_objects</Actor> <!-- Cracked Stone Platform -->
  <Actor Key="00CF" Var="...1" Scale="0.1" Offset="0000C038">object_hidan_objects</Actor> <!-- Cracked Stone Platform -->
  <Actor Key="00CF" Var="...2" Scale="0.1" Offset="0000B900">object_hidan_objects</Actor> <!-- Cracked Stone Platform -->
  <Actor Key="00D0" Var="8..." Scale="0.1" Offset="00003FC0">gameplay_field_keep</Actor> <!-- 2D Bombable Wall -->
  <Actor Key="00D1" Var="..01" Scale="0.2" Offset="00002BD0">object_spot08_obj</Actor> <!-- Ice Platform -->
  <Actor Key="00D1" Var="..10" Scale="0.1" Offset="00002BD0">object_spot08_obj</Actor> <!-- Ice Platform -->
  <Actor Key="00D1" Var="..20" Scale="0.05" Offset="00002BD0">object_spot08_obj</Actor> <!-- Ice Platform -->
  <Actor Key="00D1" Var="..23" Scale="0.05" Offset="00002BD0">object_spot08_obj</Actor> <!-- Ice Platform -->
  <Actor Key="00D3" Var="...." Scale="0.4" Offsets="000032D8,000030D0">object_dekujr</Actor> <!-- Deku Tree Sprout -->
  <Actor Key="00E3" Var="...0" Scale="1" Offset="00001300">object_mori_objects</Actor> <!-- Golden Gate -->
  <Actor Key="00E3" Var="...1" Scale="1" Offset="00008840">object_mori_objects</Actor> <!-- Golden Gate -->
  <Actor Key="00E4" Var="...." Scale="0.1" Offset="000049D0">object_mori_objects</Actor> <!-- Forest Temple Well Water -->
  <Actor Key="00E5" Var="...." Scale="0.1" Offset="00000FC0">object_efc_doughnut</Actor> <!-- Death Mountain Cloud Ring -->
  <Actor Key="00F7" Var="...0" Scale="0.1" Offset="00012270">object_haka_objects</Actor> <!-- Shadow Temple Truth Spinner -->
  <Actor Key="00F7" Var="...1" Scale="0.1" Offset="00010A10">object_haka_objects</Actor> <!-- Shadow Temple Truth Spinner -->
  <Actor Key="00F7" Var="...2" Scale="0.1" Offset="0000A860">object_haka_objects</Actor> <!-- Shadow Temple Truth Spinner -->
  <Actor Key="00F7" Var="...3" Scale="0.1" Offset="0000F1B0">object_haka_objects</Actor> <!-- Shadow Temple Truth Spinner -->
  <Actor Key="00F9" Var="...0" Scale="0.1" Offset="000006B0">object_goroiwa</Actor> <!-- Giant Rolling Boulder -->

  <Actor Key="00FA" Var="...." Scale="0.1" Offset="00012340">object_jya_obj</Actor> <!-- Moving Brick Wall -->
  <Actor Key="00FD" Var="...." Scale="0.1" Offset="0000F000">object_jya_obj</Actor> <!-- Climbable Mesh Wall -->
  <Actor Key="0100" Var="...." Scale="1" Offset="00001CD0">object_spot01_matoyab</Actor> <!-- Death Mountain Trail Gate -->
  <Actor Key="0102" Var="...." Scale="0.1" Offset="00000100">object_spot01_objects</Actor> <!-- Windmill Sails -->
  <Actor Key="0103" Var="...." Scale="0.1" Offset="00000420">object_spot01_objects</Actor> <!-- Kakariko Village Well Crossbeams -->
  <Actor Key="0104" Var="...." Scale="0.1" Offset="000007D0">object_spot01_objects</Actor> <!-- Kakariko Well Water -->
  <Actor Key="0117" Var="1..." Scale="0.03" TextureOffsets="000421E0" Yoff="21" RotY="960" Offset="00042440">gameplay_keep</Actor> <!-- Silver Rupee/Large Rotating Pot -->
  <Actor Key="011D" Var="...." Scale="0.1" Offset="000017C0">object_tsubo</Actor> <!-- Flying Magic Pot -->
  <Actor Key="0123" Var="00.." Scale="0.1" Offset="00001AB0" RotY="128">object_relay_objects</Actor> <!-- Rotating Windmill Mechanism -->
  <Actor Key="0123" Var="01.." Scale="0.1" Offset="000001A0" >object_relay_objects</Actor> <!-- Rotating Windmill Mechanism -->
  <Actor Key="0126" Var="...." Scale="0.1" Offsets="00000090,00000650" IgnoreRotation="0,0,1">object_mamenoki</Actor> <!-- Bean Planting Spot -->
  <Actor Key="0156" Var="...." Scale="0.1" Offset="00005780">object_jya_obj</Actor> <!-- Large Stone Face (Spirit Temple) suspect B9F8-->
  <Actor Key="0159" Var="...." Scale="0.1" Offset="0000E8D0">object_jya_obj</Actor> <!-- Light Blocking Rock (Spirit Temple) -->
  <Actor Key="015C" Var="...." Scale="0.1" Offset="000018B0">object_spot18_obj</Actor> <!-- Giant Three Sided Goron Statue -->
  <Actor Key="017B" Var="...." Scale="0.01" Animated="1">object_ka</Actor> <!-- Scarecrow -->
  <Actor Key="017D" Var="...." Scale="0.2" Offset="00004CD0" TextureOffsets="00003350">gameplay_dangeon_keep</Actor> <!-- Push Block (Has Savepoint) -->
  <Actor Key="006C" Var="...." Scale="0.01" Offset="00001BD0">object_toki_objects</Actor> <!-- Mastersword -->
	<!-- Actor Key="005D" Var="...." Scale="0.01" Offset="000001A0" Colors="0,125,255,255,125,255,255,125">object_warp1</--> <!-- Blue warp -->
  <Actor Key="0068" Var="...." Offset="00001980" Scale="1.0">object_mori_hineri1a</Actor> <!--Twisted room-->
  <Actor Key="0008" Var="83F0" Offset="00000440" Scale="0.0075" Colors="255,0,0,125,255,200,0,125">gameplay_dangeon_keep</Actor> <!--candle flame -->
  <Actor Key="0008" Var="...0" Offset="0004D4E0" Scale="0.0075" Colors="255,0,0,125,255,200,0,125">gameplay_keep</Actor> <!--flame -->
  <Actor Key="0008" Var="...1" Offset="0004D4E0" Scale="0.0075" Colors="255,200,0,125,255,0,0,125">gameplay_keep</Actor> <!--flame -->
  <Actor Key="0008" Var="...2" Offset="0004D4E0" Scale="0.0075" Colors="0,170,255,125,0,0,255,125">gameplay_keep</Actor> <!--flame -->
  <Actor Key="0008" Var="...3" Offset="0004D4E0" Scale="0.0075" Colors="170,255,0,125,0,150,0,125">gameplay_keep</Actor> <!--flame -->
  <Actor Key="0008" Var="...4" Offset="0004D4E0" Scale="0.0040" Colors="255,200,0,125,255,0,0,125">gameplay_keep</Actor> <!--flame -->
  <Actor Key="0008" Var="...5" Offset="0004D4E0" Scale="0.0075" Colors="255,200,0,125,255,0,0,125">gameplay_keep</Actor> <!--flame -->
  <Actor Key="0008" Var="...6" Offset="0004D4E0" Scale="0.0075" Colors="170,255,0,125,200,0,0,125">gameplay_keep</Actor> <!--flame -->
  <Actor Key="0008" Var="...7" Offset="0004D4E0" Scale="0.0075" Colors="0,170,255,125,0,0,255,125">gameplay_keep</Actor> <!--flame -->
  <Actor Key="0008" Var="...8" Offset="0004D4E0" Scale="0.0075" Colors="255,0,170,125,200,0,0,125">gameplay_keep</Actor> <!--flame -->
  <Actor Key="0008" Var="...9" Offset="0004D4E0" Scale="0.0075" Colors="255,255,170,125,255,50,0,125">gameplay_keep</Actor> <!--flame -->
  <Actor Key="0008" Var="...A" Offset="0004D4E0" Scale="0.0075" Colors="255,255,170,125,255,255,0,125">gameplay_keep</Actor> <!--flame -->
  <Actor Key="0008" Var="...B" Offset="0004D4E0" Scale="0.0075" Colors="255,255,170,125,100,255,0,125">gameplay_keep</Actor> <!--flame -->
  <Actor Key="0008" Var="...C" Offset="0004D4E0" Scale="0.0075" Colors="255,170,255,125,255,0,100,125">gameplay_keep</Actor> <!--flame -->
  <Actor Key="0008" Var="...D" Offset="0004D4E0" Scale="0.0075" Colors="255,170,255,125,100,0,255,125">gameplay_keep</Actor> <!--flame -->
  <Actor Key="0008" Var="...E" Offset="0004D4E0" Scale="0.0075" Colors="170,255,255,125,0,0,255,125">gameplay_keep</Actor> <!--flame -->
  <Actor Key="0008" Var="...F" Offset="0004D4E0" Scale="0.0075" Colors="170,255,255,125,0,150,255,125">gameplay_keep</Actor> <!--flame -->
  <!-- actor 018D  840 floor 1190 gate-->
</Table>