<?xml version="1.0" encoding="utf-8" ?>
<Table KeyType="System.Byte" ValueType="System.String">
  <Spec Key="00">Outdoor Small</Spec>
  <Spec Key="01">Outdoor Medium</Spec>
  <Spec Key="02">Outdoor Large</Spec>
  <Spec Key="03">Hall Medium</Spec>
  <Spec Key="04">Hall Large</Spec>
  <Spec Key="05">Room Small</Spec>
  <Spec Key="06">Room Medium</Spec>
  <Spec Key="07">Forest</Spec>
  <Spec Key="08">Outdoor Medium</Spec>
  <Spec Key="09">Canyon</Spec>
  <Spec Key="0A">Title Screen</Spec>
</Table>
