﻿<?xml version="1.0" encoding="utf-8" ?>
<Table KeyType="System.Byte" ValueType="System.String">
  <Camera Key="00">Keeps previous camera type</Camera>
  <Camera Key="01">Default</Camera>
  <Camera Key="02">Default, a bit above</Camera>
  <Camera Key="03">Frozen camera (keeps last position), focuses on Link</Camera>
  <Camera Key="04">Frozen camera (keeps last position), no rotation</Camera>
  <Camera Key="05">Default, controls act weird, hides C-buttons, disables Z</Camera>
  <Camera Key="06">Same as 05</Camera>
  <Camera Key="07">Same as 04</Camera>
  <Camera Key="08">CRASH</Camera>
  <Camera Key="09">CRASH</Camera>
  <Camera Key="0A">Same as 04</Camera>
  <Camera Key="0B">Overhead at 45º, close to link</Camera>
  <Camera Key="0C">Default, a bit more above than 02</Camera>
  <Camera Key="0D">Default, has 20º of camera roll to the right, unless when pressing Z</Camera>
  <Camera Key="0E">CRASH</Camera>
  <Camera Key="0F">CRASH</Camera>
  <Camera Key="10">Fixed camera with hardcoded position???</Camera>
  <Camera Key="11">Default, a bit zoomed</Camera>
  <Camera Key="12">Zooms very close to Link, camera stuck at this ID until scene change</Camera>
  <Camera Key="13">Song of soaring? camera stuck at this ID until scene change</Camera>
  <Camera Key="14">Same as 13 but with different angle</Camera>
  <Camera Key="15">Same as 13 but with different angle</Camera>
  <Camera Key="16">Same as 04</Camera>
  <Camera Key="17">Frozen camera (keeps last position), disables Z, camera stuck at this ID until scene change</Camera>
  <Camera Key="18">Same as 12 but with different angle</Camera>
  <Camera Key="19">Spins a bit, camera stuck at this ID until scene change</Camera>
  <Camera Key="1A">Very glitchy, camera stuck at this ID until scene change</Camera>
  <Camera Key="1B">CRASH</Camera>
  <Camera Key="1C">Zooms close to Link, suddenly increases FOV very fast, camera stuck at this ID until scene change</Camera>
  <Camera Key="1D">Default, disables Z, can't rotate</Camera>
  <Camera Key="1E">Overhead at 45º, close to link</Camera>
  <Camera Key="1F">Fixed camera, instant transition</Camera>
  <Camera Key="20">Fixed camera, smooth transition</Camera>
  <Camera Key="21">Same as 04</Camera>
  <Camera Key="22">Same as 04</Camera>
  <Camera Key="23">CRASH</Camera>
  <Camera Key="24">CRASH</Camera>
  <Camera Key="25">Fixed camera at random rotation???</Camera>
  <Camera Key="26">Same as 04</Camera>
  <Camera Key="27">Same as 04</Camera>
  <Camera Key="28">Default, very zoomed, weird rotation</Camera>
  <Camera Key="29">Camera becomes crazy (funny)</Camera>
  <Camera Key="2A">Default, very zoomed, disables Z</Camera>
  <Camera Key="2B">First person (but Link's head doesn't disappear)</Camera>
  <Camera Key="2C">Fixed camera with hardcoded position???</Camera>
  <Camera Key="2D">Same as 01</Camera>
  <Camera Key="2E">Same as 04</Camera>
  <Camera Key="2F">Nearly first person</Camera>
  <Camera Key="30">Same as 01</Camera>
  <Camera Key="31">Default, but focuses link from the left side, disables Z</Camera>
  <Camera Key="32">Default, a bit above</Camera>
  <Camera Key="33">Default, a bit zoomed</Camera>
  <Camera Key="34">Overhead 45º but camera rotates very fast, controls are difficult</Camera>
  <Camera Key="35">CRASH</Camera>
  <Camera Key="36">CRASH</Camera>
  <Camera Key="37">Same as 01</Camera>
  <Camera Key="38">Same as 04</Camera>
  <Camera Key="39">Default, very zoomed, overhead camera when pressing Z</Camera>
  <Camera Key="3A">Same as 04</Camera>
  <Camera Key="3B">Same as 04</Camera>
  <Camera Key="3C">Overhead 80º</Camera>
  <Camera Key="3D">Default, close, camera at ground level</Camera>
  <Camera Key="3E">First person, hides HUD  (but Link's head doesn't disappear)</Camera>
  <Camera Key="3F">Default, a bit close</Camera>
  <Camera Key="40">Same as 04</Camera>
  <Camera Key="41">Rotates at some hardcoded position?</Camera>
  <Camera Key="42">ONTHEPOLE</Camera>
  <Camera Key="43">INBUSH</Camera>
  <Camera Key="44">BOSS_LAST</Camera>
  <Camera Key="45">BOSS_INI</Camera>
  <Camera Key="46">BOSS_HAK</Camera>
  <Camera Key="47">BOSS_KON</Camera>
  <Camera Key="48">CONNECT0</Camera>
  <Camera Key="49">MORAY</Camera>
  <Camera Key="4A">NORMAL2</Camera>
  <Camera Key="4B">BOMBBOWL</Camera>
  <Camera Key="4C">CIRCLEa</Camera>
  <Camera Key="4D">WHIRLPOOL</Camera>
  <Camera Key="4E">KOKKOGAME</Camera>
  <Camera Key="4F">GIANT</Camera>
  <Camera Key="50">SCENE0</Camera>
  <Camera Key="51">ROOM1</Camera>
  <Camera Key="52">WATER2</Camera>
  <Camera Key="53">SOKONASI</Camera>
  <Camera Key="54">FORCEKEEP</Camera>
  <Camera Key="55">PARALLEL1</Camera>
  <Camera Key="56">START1</Camera>
  <Camera Key="57">ROOM2</Camera>
  <Camera Key="58">NORMAL4</Camera>
  <Camera Key="59">SHELL</Camera>
  <Camera Key="5A">DUNGEON4</Camera>



  <!-- 42+ doesn't do anything (in OOT atleast)-->
</Table>
