<?xml version="1.0" encoding="utf-8" ?>
<Table KeyType="System.Byte" ValueType="System.String">
<Scene Key="0000">Southern Swamp (Clear)</Scene>
<Scene Key="0001">NULL</Scene>
<Scene Key="0002">NULL</Scene>
<Scene Key="0003">NULL</Scene>
<Scene Key="0004">NULL</Scene>
<Scene Key="0005">NULL</Scene>
<Scene Key="0006">NULL</Scene>
<Scene Key="0007">Grottos</Scene>
<Scene Key="0008">Cutscene Map</Scene>
<Scene Key="0009">NULL</Scene>
<Scene Key="000A">Magic Hags' Potion Shop</Scene>
<Scene Key="000B">Majora's Lair</Scene>
<Scene Key="000C">Beneath the Graveyard</Scene>
<Scene Key="000D">Curiosity Shop</Scene>
<Scene Key="000E">NULL</Scene>
<Scene Key="000F">NULL</Scene>
<Scene Key="0010">Ranch House and Barn</Scene>
<Scene Key="0011">Honey and Darling's Shop</Scene>
<Scene Key="0012">Mayor's Residence</Scene>
<Scene Key="0013">Ikana Canyon</Scene>
<Scene Key="0014">Pirates' Fortress</Scene>
<Scene Key="0015">Milk Bar</Scene>
<Scene Key="0016">Stone Tower Temple</Scene>
<Scene Key="0017">Treasure Chest Shop</Scene>
<Scene Key="0018">Stone Tower Temple (Inverted)</Scene>
<Scene Key="0019">Clock Tower Rooftop</Scene>
<Scene Key="001A">Before the Portal to Termina</Scene>
<Scene Key="001B">Woodfall Temple</Scene>
<Scene Key="001C">Path to Mountain Village</Scene>
<Scene Key="001D">Ancient Castle of Ikana</Scene>
<Scene Key="001E">Deku Scrub Playground</Scene>
<Scene Key="001F">Odolwa's Lair</Scene>
<Scene Key="0020">Town Shooting Gallery</Scene>
<Scene Key="0021">Snowhead Temple</Scene>
<Scene Key="0022">Milk Road</Scene>
<Scene Key="0023">Pirates' Fortress Interior</Scene>
<Scene Key="0024">Swamp Shooting Gallery</Scene>
<Scene Key="0025">Pinnacle Rock</Scene>
<Scene Key="0026">Fairy's Fountain</Scene>
<Scene Key="0027">Swamp Spider House</Scene>
<Scene Key="0028">Oceanside Spider House</Scene>
<Scene Key="0029">Astral Observatory</Scene>
<Scene Key="002A">The Moon - Deku Trial</Scene>
<Scene Key="002B">Deku Palace</Scene>
<Scene Key="002C">Mountain Smithy</Scene>
<Scene Key="002D">Termina Field</Scene>
<Scene Key="002E">Post Office</Scene>
<Scene Key="002F">Marine Research Lab</Scene>
<Scene Key="0030">Dampé's House</Scene>
<Scene Key="0031">NULL</Scene>
<Scene Key="0032">Goron Shrine</Scene>
<Scene Key="0033">Zora Hall</Scene>
<Scene Key="0034">Trading Post</Scene>
<Scene Key="0035">Romani Ranch</Scene>
<Scene Key="0036">Twinmold's Lair</Scene>
<Scene Key="0037">Great Bay Coast</Scene>
<Scene Key="0038">Zora Cape</Scene>
<Scene Key="0039">Lottery Shop</Scene>
<Scene Key="003A">NULL</Scene>
<Scene Key="003B">Pirates' Fortress Exterior</Scene>
<Scene Key="003C">Fisherman's Hut</Scene>
<Scene Key="003D">Goron Shop</Scene>
<Scene Key="003E">Deku King's Chamber</Scene>
<Scene Key="003F">The Moon - Goron Trial</Scene>
<Scene Key="0040">Road to Southern Swamp</Scene>
<Scene Key="0041">Doggy Racetrack</Scene>
<Scene Key="0042">Cucco Shack</Scene>
<Scene Key="0043">Ikana Graveyard</Scene>
<Scene Key="0044">Goht's Lair</Scene>
<Scene Key="0045">Southern Swamp (Poisoned)</Scene>
<Scene Key="0046">Woodfall</Scene>
<Scene Key="0047">The Moon - Zora Trial</Scene>
<Scene Key="0048">Goron Village (Spring)</Scene>
<Scene Key="0049">Great Bay Temple</Scene>
<Scene Key="004A">Waterfall Rapids</Scene>
<Scene Key="004B">Beneath the Well</Scene>
<Scene Key="004C">Zora Hall Rooms</Scene>
<Scene Key="004D">Goron Village (Winter)</Scene>
<Scene Key="004E">Goron Graveyard</Scene>
<Scene Key="004F">Sakon's Hideout</Scene>
<Scene Key="0050">Mountain Village (Winter)</Scene>
<Scene Key="0051">Ghost Hut</Scene>
<Scene Key="0052">Deku Shrine</Scene>
<Scene Key="0053">Road to Ikana</Scene>
<Scene Key="0054">Swordsman's School</Scene>
<Scene Key="0055">Music Box House</Scene>
<Scene Key="0056">Igos du Ikana's Lair</Scene>
<Scene Key="0057">Tourist Information</Scene>
<Scene Key="0058">Stone Tower</Scene>
<Scene Key="0059">Stone Tower (Inverted)</Scene>
<Scene Key="005A">Mountain Village (Spring)</Scene>
<Scene Key="005B">Path to Snowhead</Scene>
<Scene Key="005C">Snowhead</Scene>
<Scene Key="005D">Path to Goron Village (Winter)</Scene>
<Scene Key="005E">Path to Goron Village (Spring)</Scene>
<Scene Key="005F">Gyorg's Lair</Scene>
<Scene Key="0060">Secret Shrine</Scene>
<Scene Key="0061">Stock Pot Inn</Scene>
<Scene Key="0062">Great Bay (Cutscene)</Scene>
<Scene Key="0063">Clock Tower Interior</Scene>
<Scene Key="0064">Woods of Mystery</Scene>
<Scene Key="0065">Lost Woods</Scene>
<Scene Key="0066">The Moon - Link Trial</Scene>
<Scene Key="0067">The Moon</Scene>
<Scene Key="0068">Bomb Shop</Scene>
<Scene Key="0069">Giants' Chamber</Scene>
<Scene Key="006A">Gorman Track</Scene>
<Scene Key="006B">Goron Racetrack</Scene>
<Scene Key="006C">East Clock Town</Scene>
<Scene Key="006D">West Clock Town</Scene>
<Scene Key="006E">North Clock Town</Scene>
<Scene Key="006F">South Clock Town</Scene>
<Scene Key="0070">Laundry Pool</Scene>

</Table>
