<?xml version="1.0" encoding="utf-8" ?>
<Table KeyType="System.Byte" ValueType="System.String">
	<Restriction Key="00">No effect/restrictions</Restriction>
	<Restriction Key="01">Prevents the Sun's Song time effect</Restriction>
	<Restriction Key="02">Disables jumping through the action button</Restriction>
	<Restriction Key="05">??? (Used only in boss rooms)</Restriction>
	<Idleanim Key="00">Link glance back at the player</Idleanim>
	<Idleanim Key="01">Link's cold sneeze</Idleanim>
	<Idleanim Key="02">Link wipes his head</Idleanim>
	<Idleanim Key="03">Triggers the Heat timer</Idleanim>
	<Idleanim Key="04">Link stretches and yawns</Idleanim>
	<Idleanim Key="06">Unknown</Idleanim>
	<Idleanim Key="07">Link bends over and gasps for breath</Idleanim>
	<Idleanim Key="09">Link brandishes sword even if not equipped</Idleanim>
	<Idleanim Key="0A">Link re-adjusts his tunic</Idleanim>
	<Idleanim Key="FF">Link hops on Epona (even as a child)</Idleanim>
	<Camera Key="00">Normal scene with free c-up</Camera>
	<Camera Key="10">Shop scenes. fixed camera, no c-up</Camera>
	<Camera Key="20">Pre-rendered background that rotates, c-up gives bird view</Camera>
	<Camera Key="30">Pre-rendered background, fixed, no c-up</Camera>
	<Camera Key="40">Pre-rendered background that rotates, no c-up</Camera>
	<Camera Key="50">Shooting gallery</Camera>

	<ActorCutsceneCamera Key="FFE9">Swamp Boat ride?</ActorCutsceneCamera>
	<ActorCutsceneCamera Key="FFF0">Entering warp after defeating boss</ActorCutsceneCamera>
	<ActorCutsceneCamera Key="FFF5">Mask Transformation</ActorCutsceneCamera>
	<ActorCutsceneCamera Key="FFF6">Opening a large chest</ActorCutsceneCamera>
	<ActorCutsceneCamera Key="FFF7">Spin up out of Ground (Only used in Goht Trial for the rainbow reset pads)</ActorCutsceneCamera>
	<ActorCutsceneCamera Key="FFF8">Death</ActorCutsceneCamera>
	<ActorCutsceneCamera Key="FFE9">Spin down into Ground (Only used in Goht Trial for the rainbow reset pads)</ActorCutsceneCamera>
	<ActorCutsceneCamera Key="FFFA">Song of Soaring</ActorCutsceneCamera>
	<ActorCutsceneCamera Key="FFFB">Hold item up (one hand) (Can't use item, caught bottle item, etc)</ActorCutsceneCamera>
	<ActorCutsceneCamera Key="FFFC">Use bottle item</ActorCutsceneCamera>
	<ActorCutsceneCamera Key="FFFD">Playing ocarina</ActorCutsceneCamera>
	<ActorCutsceneCamera Key="FFFE">Hold item up (both hands) (Open small chest, get new item, etc)</ActorCutsceneCamera>
	<ActorCutsceneCamera Key="FFFF">Null</ActorCutsceneCamera>
	<ActorCutsceneCamera Key="0000">Camera ID 0</ActorCutsceneCamera>
	<ActorCutsceneCamera Key="0001">Camera ID 1</ActorCutsceneCamera>
	<ActorCutsceneCamera Key="0002">Camera ID 2</ActorCutsceneCamera>
	<ActorCutsceneCamera Key="0003">Camera ID 3</ActorCutsceneCamera>
	<ActorCutsceneCamera Key="0004">Camera ID 4</ActorCutsceneCamera>
	<ActorCutsceneCamera Key="0005">Camera ID 5</ActorCutsceneCamera>
	<ActorCutsceneCamera Key="0006">Camera ID 6</ActorCutsceneCamera>
	<ActorCutsceneCamera Key="0007">Camera ID 7</ActorCutsceneCamera>
	<ActorCutsceneCamera Key="0008">Camera ID 8</ActorCutsceneCamera>
	<ActorCutsceneCamera Key="0009">Camera ID 9</ActorCutsceneCamera>
	<ActorCutsceneCamera Key="000A">Camera ID 10</ActorCutsceneCamera>
	<ActorCutsceneCamera Key="000B">Camera ID 11</ActorCutsceneCamera>
	<ActorCutsceneCamera Key="000C">Camera ID 12</ActorCutsceneCamera>
	<ActorCutsceneCamera Key="000D">Camera ID 13</ActorCutsceneCamera>
	<ActorCutsceneCamera Key="000E">Camera ID 14</ActorCutsceneCamera>
	<ActorCutsceneCamera Key="000F">Camera ID 15</ActorCutsceneCamera>

	<ActorCutsceneHUDFade Key="0000">Fade out</ActorCutsceneHUDFade>
	<ActorCutsceneHUDFade Key="0001">Nothing?</ActorCutsceneHUDFade>
	<ActorCutsceneHUDFade Key="0002">Keep A button on screen</ActorCutsceneHUDFade>

	<ActorCutsceneReturnCam Key="00">Keep current position</ActorCutsceneReturnCam>
	<ActorCutsceneReturnCam Key="01">Place behind link</ActorCutsceneReturnCam>
	<ActorCutsceneReturnCam Key="02">Rotate until behind link</ActorCutsceneReturnCam>
</Table>