<?xml version="1.0" encoding="utf-8"?>
<Table KeyType="System.UInt16" ValueType="System.String">

<Command Key="00">Crash</Command>
<Command Key="01">Cutscene Map – Dorf riding through Flames (after Deku)</Command>
<Command Key="02">Cutscene Map – Three Gods (after Deku)</Command>
<Command Key="03">Gerudo Valley – Din… (after Deku)</Command>
<Command Key="04">Death Mountain Trail – Nayru (after Deku)</Command>
<Command Key="05">Kokiri Forest – Farore (after Deku)</Command>
<Command Key="06">Cutscene Map – Triforce creation (after Deku)</Command>
<Command Key="07">Kokiri Forest – Receive Kokiri Emerald (after Deku)</Command>
<Command Key="08">ToT – After Drop/Pull MS</Command>
<Command Key="09">Gerudo Valley – With [Din’s] strong flaming arms (After Deku)</Command>
<Command Key="0A">Link’s House – Intro</Command>
<Command Key="0B">Kokiri Forest – Intro (Navi Flies)</Command>
<Command Key="0C">Death Mountain Trail – After Goron Ruby</Command>
<Command Key="0D">Zora’s Fountain – After Zora’s Sapphire</Command>
<Command Key="0E">Kokiri Forest – After Kokiri Emerald</Command>
<Command Key="0F">ToT – Kokiri Emerald (unused CS)</Command>
<Command Key="10">ToT – Goron Ruby (unused CS)</Command>
<Command Key="11">ToT – Zora’s Sapphire (unused CS)</Command>
<Command Key="12">ToT – After Pulled MS First Time</Command>
<Command Key="13">DMT – After DMT Intro</Command>
<Command Key="14">Crash</Command>
<Command Key="15">Lake Hylia – Water Rises</Command>
<Command Key="16">Colossus – Requiem</Command>
<Command Key="17">Cutscene Map – CURSE YOU (Credits)</Command>
<Command Key="18">Jabu Jabu – Intro CS</Command>
<Command Key="19">Chamber of Sages – Light Medallion</Command>
<Command Key="1A">ToT – Kokiri Emerald (unused CS)</Command>
<Command Key="1B">ToT – Goron Ruby (unused CS)</Command>
<Command Key="1C">ToT – Zora’s Sapphire (unused CS)</Command>
<Command Key="1D">Chamber of Sages – Forest Medallion</Command>
<Command Key="1E">Chamber of Sages – Fire Medallion</Command>
<Command Key="1F">Chamber of Sages – Water Medallion</Command>
<Command Key="20">Field – LACS Flashback</Command>
<Command Key="21">Field – After Hylia Owl?</Command>
<Command Key="22">Cutscene Map – Dorf after Pulled MS</Command>
<Command Key="23">Field – Intro Zelda Escape</Command>
<Command Key="24">Do nothing</Command>
<Command Key="25">Do nothing</Command>
<Command Key="26">Cutscene Map – Light Arrow Cutscene</Command>
<Command Key="27">ToT – Light Arrow Cutscene Zelda Reveal</Command>
<Command Key="28">ToT – Light Arrow Cutscene Get Light Arrows</Command>
<Command Key="29">Hylia – After Blue Warp</Command>
<Command Key="2A">Kak – After Played Storms in Windmill</Command>
<Command Key="2B">Windmill – After Draining Well?</Command>
<Command Key="2C">ToT – After Opened DoT?</Command>
<Command Key="2D">Do nothing</Command>
<Command Key="2E">ToT – After Pulled MS First Time</Command>
<Command Key="2F">Kak – Nocturne CS Part 2</Command>
<Command Key="30">Colossus – After Requiem</Command>
<Command Key="31">ToT – After LACS</Command>
<Command Key="32">Kak – After Nocturne</Command>
<Command Key="33">Field – After ZL</Command>
<Command Key="34">ToT – SoT</Command>
<Command Key="35">Field – After SoT</Command>
<Command Key="36">Gerudo Valley – Credits</Command>
<Command Key="37">Gerudo Fortress – Credits</Command>
<Command Key="38">Kak – Credits</Command>
<Command Key="39">Death Mountain Trail – Credits (lower)</Command>
<Command Key="3A">Goron City – Credits (unused)</Command>
<Command Key="3B">Lake Hylia – Credits</Command>
<Command Key="3C">Zora’s Fountain – Credits (unused)</Command>
<Command Key="3D">Zora’s Domain – Credits</Command>
<Command Key="3E">Kokiri Forest – Credits (near Deku Tree)</Command>
<Command Key="3F">Kokiri Forest – Credits (long pan)</Command>
<Command Key="40">Hyrule Field – Credits (epona running)</Command>
<Command Key="41">Lon Lon Ranch – Credits (first)</Command>
<Command Key="42">Kakariko – After DMT Owl</Command>
<Command Key="43">Hyrule Field – from Grotto? (adult)</Command>
<Command Key="44">Cutscene Map – Fire (Forest Medallion CS)</Command>
<Command Key="45">Kokiri Forest – End of Forest Medallion CS</Command>
<Command Key="46">DMT – Credits (Sages)</Command>
<Command Key="47">ToT – Credits</Command>
<Command Key="48">Zelda’s Courtyard – Credits</Command>
<Command Key="49">Lon Lon Ranch – Credits (first)</Command>
<Command Key="4A">Lon Lon Ranch – Credits (Gorons Dancing)</Command>
<Command Key="4B">Lon Lon Ranch – Credits (Market People)</Command>
<Command Key="4C">Lon Lon Ranch – Credits (Malon)</Command>
<Command Key="4D">Lon Lon Ranch – Credits (King Zora and Kokiri)</Command>
<Command Key="4E">Lon Lon Ranch – Credits (Shopkeepers)</Command>
<Command Key="4F">Lon Lon Ranch – No Cutscene?</Command>
<Command Key="50">Lon Lon Ranch – No Cutscene?</Command>
<Command Key="51">Lon Lon Ranch – No Cutscene?</Command>
<Command Key="52">Lon Lon Ranch – No Cutscene?</Command>
<Command Key="53">Lon Lon Ranch – No Cutscene?</Command>
<Command Key="54">Lon Lon Ranch – No Cutscene?</Command>
<Command Key="55">Lon Lon Ranch – No Cutscene?</Command>
<Command Key="56">Lon Lon Ranch – No Cutscene?</Command>
<Command Key="57">Lon Lon Ranch – No Cutscene?</Command>
<Command Key="58">Lon Lon Ranch – No Cutscene?</Command>
<Command Key="59">Lon Lon Ranch – No Cutscene?</Command>
<Command Key="5A">Lon Lon Ranch – No Cutscene?</Command>
<Command Key="5B">Lon Lon Ranch – No Cutscene?</Command>
<Command Key="5C">Lon Lon Ranch – No Cutscene?</Command>
<Command Key="5D">Lon Lon Ranch – No Cutscene?</Command>
<Command Key="5E">Lon Lon Ranch – Near East Gate?</Command>
<Command Key="5F">If Forest, Fire, Water Temples (Save Ctx + 0xEDC) are complete, play opening of Door of Time</Command>
<Command Key="60">Colossus – After Spirit Blue Warp</Command>
<Command Key="61">Graveyard – After Shadow Blue Warp</Command>
<Command Key="62">Death Mountain Crater – After Fire Blue Warp</Command>
<Command Key="63">Sacred Forest Meadow – After Forest Blue Warp (2nd+ time)</Command>
<Command Key="64">Kokiri Forest – After Forest Blue Warp</Command>
<Command Key="65">Colossus – After Silver Gauntlets</Command>
<Command Key="66">ToT – After LACS</Command>
<Command Key="67">Title Screen – Field</Command>
<Command Key="68">Title Screen – Nabooru</Command>
<Command Key="69">Graveyard – You’ve learned Sun’s Song</Command>
<Command Key="6A">Royal Family Tomb – After Learned Sun’s Song</Command>
<Command Key="6B">Ganon’s Castle – Forest Trial Dispelled</Command>
<Command Key="6C">Ganon’s Castle – Water Trial Dispelled</Command>
<Command Key="6D">Ganon’s Castle – Shadow Trial Dispelled</Command>
<Command Key="6E">Ganon’s Castle – Fire Trial Dispelled</Command>
<Command Key="6F">Ganon’s Castle – Light Trial Dispelled</Command>
<Command Key="70">Ganon’s Castle – Spirit Trial Dispelled</Command>
<Command Key="71">Ganon's Castle – Dispell Main Barrier if conditions met</Command>
<Command Key="72">	Hyrule Field – Enter from LW first time</Command>
<Command Key="73">Field – After SoT/ZL?</Command>
<Command Key="74">Colossus – After Spirit Blue Warp</Command>
<Command Key="75">Hyrule Field – Zelda in the Sky (Credits)</Command>
<Command Key="76">Ganon Battle – Tower Collapsing</Command>
<Command Key="77">Zelda’s Courtyard – Receive Letter</Command>


</Table>