<?xml version="1.0" encoding="utf-8" ?>
<Table KeyType="System.UInt16" ValueType="System.String">
	<Object Key="0001" Size="567B0">DON'T USE THIS! gameplay_keep</Object>
	<Object Key="0002" Size="D330">DON'T USE THIS! gameplay_field_keep</Object>
	<Object Key="0003" Size="17AF0">DON'T USE THIS! gameplay_dangeon_keep</Object>
	<Object Key="0006" Size="13180">object_human</Object>
	<Object Key="0007" Size="3C80">object_okuta</Object>
	<Object Key="0008" Size="10D0">object_crow</Object>
	<Object Key="0009" Size="50E0">object_poh</Object>
	<Object Key="000A" Size="1D530">object_dy_obj</Object>
	<Object Key="000B" Size="A070">object_wallmaster</Object>
	<Object Key="000C" Size="9940">object_dodongo</Object>
	<Object Key="000D" Size="18C0">object_firefly</Object>
	<Object Key="000E" Size="6000">object_box</Object>
	<Object Key="000F" Size="40A0">object_fire</Object>
	<Object Key="0012" Size="10C0">object_bubble</Object>
	<Object Key="0013" Size="2540">object_niw</Object>
	<Object Key="0014" Size="37800">object_link_boy</Object>
	<Object Key="0015" Size="2CF80">object_link_child</Object>
	<Object Key="0016" Size="3A30">object_tite</Object>
	<Object Key="0017" Size="1EF0">object_reeba</Object>
	<Object Key="0018" Size="1C90">object_peehat</Object>
	<Object Key="0019" Size="30CE0">object_kingdodongo</Object>
	<Object Key="001A" Size="DF10">object_horse</Object>
	<Object Key="001B" Size="163A0">object_zf</Object>
	<Object Key="001C" Size="1F600">object_goma</Object>
	<Object Key="001D" Size="143C0">object_zl1</Object>
	<Object Key="001E" Size="4220">object_gol</Object>
	<Object Key="001F" Size="20F0">object_dodojr</Object>
	<Object Key="0020" Size="4770">object_torch2</Object>
	<Object Key="0021" Size="5850">object_bl</Object>
	<Object Key="0022" Size="1CF0">object_tp</Object>
	<Object Key="0023" Size="4710">object_oA1</Object>
	<Object Key="0024" Size="5BB0">object_st</Object>
	<Object Key="0025" Size="2260">object_bw</Object>
	<Object Key="0026" Size="3420">object_ei</Object>
	<Object Key="0027" Size="9FC0">object_horse_normal</Object>
	<Object Key="0028" Size="66B0">object_oB1</Object>
	<Object Key="0029" Size="2150">object_o_anime</Object>
	<Object Key="002A" Size="16C0">object_spot04_objects</Object>
	<Object Key="002B" Size="8760">object_ddan_objects</Object>
	<Object Key="002C" Size="17D20">object_hidan_objects</Object>
	<Object Key="002D" Size="C090">object_horse_ganon</Object>
	<Object Key="002E" Size="56D0">object_oA2</Object>
	<Object Key="002F" Size="1C10">object_spot00_objects</Object>
	<Object Key="0030" Size="141A0">object_mb</Object>
	<Object Key="0031" Size="1A00">object_bombf</Object>
	<Object Key="0032" Size="E800">object_sk2</Object>
	<Object Key="0033" Size="6810">object_oE1</Object>
	<Object Key="0034" Size="5060">object_oE_anime</Object>
	<Object Key="0035" Size="5A70">object_oE2</Object>
	<Object Key="0036" Size="9080">object_ydan_objects</Object>
	<Object Key="0037" Size="13000">object_gnd</Object>
	<Object Key="0038" Size="5B50">object_am</Object>
	<Object Key="0039" Size="39C0">object_dekubaba</Object>
	<Object Key="003B" Size="2130">object_oA3</Object>
	<Object Key="003C" Size="1730">object_oA4</Object>
	<Object Key="003D" Size="16B0">object_oA5</Object>
	<Object Key="003E" Size="1A00">object_oA6</Object>
	<Object Key="003F" Size="1550">object_oA7</Object>
	<Object Key="0040" Size="BAC0">object_jj</Object>
	<Object Key="0041" Size="17B0">object_oA8</Object>
	<Object Key="0042" Size="520">object_oA9</Object>
	<Object Key="0043" Size="40E0">object_oB2</Object>
	<Object Key="0044" Size="4490">object_oB3</Object>
	<Object Key="0045" Size="1870">object_oB4</Object>
	<Object Key="0046" Size="7160">object_horse_zelda</Object>
	<Object Key="0047" Size="5060">object_opening_demo1</Object>
	<Object Key="0048" Size="2CB0">object_warp1</Object>
	<Object Key="0049" Size="640">object_b_heart</Object>
	<Object Key="004A" Size="3660">object_dekunuts</Object>
	<Object Key="004B" Size="7120">object_oE3</Object>
	<Object Key="004C" Size="4FD0">object_oE4</Object>
	<Object Key="004D" Size="8B10">object_menkuri_objects</Object>
	<Object Key="004E" Size="55C0">object_oE5</Object>
	<Object Key="004F" Size="2E50">object_oE6</Object>
	<Object Key="0050" Size="2A60">object_oE7</Object>
	<Object Key="0051" Size="33D0">object_oE8</Object>
	<Object Key="0052" Size="2F10">object_oE9</Object>
	<Object Key="0053" Size="29D0">object_oE10</Object>
	<Object Key="0054" Size="31F0">object_oE11</Object>
	<Object Key="0055" Size="37C0">object_oE12</Object>
	<Object Key="0056" Size="4850">object_vali</Object>
	<Object Key="0057" Size="2EB0">object_oA10</Object>
	<Object Key="0058" Size="15C0">object_oA11</Object>
	<Object Key="0059" Size="B320">object_mizu_objects</Object>
	<Object Key="005A" Size="121E0">object_fhg</Object>
	<Object Key="005B" Size="9B50">object_ossan</Object>
	<Object Key="005C" Size="54F0">object_mori_hineri1</Object>
	<Object Key="005D" Size="1A40">object_Bb</Object>
	<Object Key="005E" Size="8450">object_toki_objects</Object>
	<Object Key="005F" Size="14F0">object_yukabyun</Object>
	<Object Key="0060" Size="10D80">object_zl2</Object>
	<Object Key="0061" Size="1290">object_mjin</Object>
	<Object Key="0062" Size="1000">object_mjin_flash</Object>
	<Object Key="0063" Size="1000">object_mjin_dark</Object>
	<Object Key="0064" Size="1000">object_mjin_flame</Object>
	<Object Key="0065" Size="1000">object_mjin_ice</Object>
	<Object Key="0066" Size="1000">object_mjin_soul</Object>
	<Object Key="0067" Size="1000">object_mjin_wind</Object>
	<Object Key="0068" Size="1B60">object_mjin_oka</Object>
	<Object Key="0069" Size="1D6B0">object_haka_objects</Object>
	<Object Key="006A" Size="2DA0">object_spot06_objects</Object>
	<Object Key="006B" Size="8D50">object_ice_objects</Object>
	<Object Key="006C" Size="3630">object_relay_objects</Object>
	<Object Key="006D" Size="6A40">object_po_field</Object>
	<Object Key="006E" Size="6FA0">object_po_composer</Object>
	<Object Key="006F" Size="34C0">object_mori_hineri1a</Object>
	<Object Key="0070" Size="4400">object_mori_hineri2</Object>
	<Object Key="0071" Size="60B0">object_mori_hineri2a</Object>
	<Object Key="0072" Size="8A10">object_mori_objects</Object>
	<Object Key="0073" Size="9E00">object_mori_tex</Object>
	<Object Key="0074" Size="5600">object_spot08_obj</Object>
	<Object Key="0075" Size="10">object_warp2</Object>
	<Object Key="0076" Size="2FE0">object_hata</Object>
	<Object Key="0077" Size="21A0">object_bird</Object>
	<Object Key="007C" Size="87D0">object_wood02</Object>
	<Object Key="0081" Size="1F40">object_lightbox</Object>
	<Object Key="0082" Size="1600">object_pu_box</Object>
	<Object Key="0085" Size="23E0">object_trap</Object>
	<Object Key="0086" Size="1590">object_vase</Object>
	<Object Key="0087" Size="12230">object_im</Object>
	<Object Key="0088" Size="E3F0">object_ta</Object>
	<Object Key="0089" Size="BE50">object_tk</Object>
	<Object Key="008A" Size="1C100">object_xc</Object>
	<Object Key="008B" Size="3F70">object_vm</Object>
	<Object Key="008C" Size="1F1B0">object_bv</Object>
	<Object Key="008D" Size="6AF0">object_hakach_objects</Object>
	<Object Key="008E" Size="AA0">object_efc_crystal_light</Object>
	<Object Key="008F" Size="D00">object_efc_fire_ball</Object>
	<Object Key="0090" Size="10">object_efc_flash</Object>
	<Object Key="0091" Size="12D0">object_efc_lgt_shower</Object>
	<Object Key="0092" Size="17D0">object_efc_star_field</Object>
	<Object Key="0093" Size="4350">object_god_lgt</Object>
	<Object Key="0094" Size="1280">object_light_ring</Object>
	<Object Key="0095" Size="2910">object_triforce_spot</Object>
	<Object Key="0096" Size="CD10">object_bdan_objects</Object>
	<Object Key="0097" Size="C6E0">object_sd</Object>
	<Object Key="0098" Size="EFF0">object_rd</Object>
	<Object Key="0099" Size="E3C0">object_po_sisters</Object>
	<Object Key="009A" Size="1AE0">object_heavy_object</Object>
	<Object Key="009B" Size="11A00">object_gndd</Object>
	<Object Key="009C" Size="11670">object_fd</Object>
	<Object Key="009D" Size="12030">object_du</Object>
	<Object Key="009E" Size="7DE0">object_fw</Object>
	<Object Key="009F" Size="5140">object_medal</Object>
	<Object Key="00A0" Size="8B20">object_horse_link_child</Object>
	<Object Key="00A1" Size="16620">object_spot02_objects</Object>
	<Object Key="00A2" Size="1460">object_haka</Object>
	<Object Key="00A3" Size="13A80">object_ru1</Object>
	<Object Key="00A4" Size="3C90">object_syokudai</Object>
	<Object Key="00A5" Size="11A90">object_fd2</Object>
	<Object Key="00A6" Size="90C0">object_dh</Object>
	<Object Key="00A7" Size="7B50">object_rl</Object>
	<Object Key="00A8" Size="12F0">object_efc_tw</Object>
	<Object Key="00A9" Size="10">object_demo_tre_lgt</Object>
	<Object Key="00AA" Size="A20">object_gi_key</Object>
	<Object Key="00AB" Size="1D00">object_mir_ray</Object>
	<Object Key="00AC" Size="1AA0">object_brob</Object>
	<Object Key="00AD" Size="3680">object_gi_jewel</Object>
	<Object Key="00AE" Size="18890">object_spot09_obj</Object>
	<Object Key="00AF" Size="CA10">object_spot18_obj</Object>
	<Object Key="00B0" Size="75C0">object_bdoor</Object>
	<Object Key="00B1" Size="1830">object_spot17_obj</Object>
	<Object Key="00B2" Size="3A20">object_shop_dungen</Object>
	<Object Key="00B3" Size="181E0">object_nb</Object>
	<Object Key="00B4" Size="9070">object_mo</Object>
	<Object Key="00B5" Size="2CA0">object_sb</Object>
	<Object Key="00B6" Size="D20">object_gi_melody</Object>
	<Object Key="00B7" Size="1F0">object_gi_heart</Object>
	<Object Key="00B8" Size="D10">object_gi_compass</Object>
	<Object Key="00B9" Size="1010">object_gi_bosskey</Object>
	<Object Key="00BA" Size="5370">object_gi_medal</Object>
	<Object Key="00BB" Size="11C0">object_gi_nuts</Object>
	<Object Key="00BC" Size="15230">object_sa</Object>
	<Object Key="00BD" Size="17B0">object_gi_hearts</Object>
	<Object Key="00BE" Size="CB0">object_gi_arrowcase</Object>
	<Object Key="00BF" Size="E60">object_gi_bombpouch</Object>
	<Object Key="00C0" Size="18C50">object_in</Object>
	<Object Key="00C1" Size="12E30">object_tr</Object>
	<Object Key="00C2" Size="1500">object_spot16_obj</Object>
	<Object Key="00C3" Size="6560">object_oE1s</Object>
	<Object Key="00C4" Size="4E00">object_oE4s</Object>
	<Object Key="00C5" Size="A640">object_os_anime</Object>
	<Object Key="00C6" Size="8F0">object_gi_bottle</Object>
	<Object Key="00C7" Size="6C0">object_gi_stick</Object>
	<Object Key="00C8" Size="1160">object_gi_map</Object>
	<Object Key="00C9" Size="105A0">object_oF1d_map</Object>
	<Object Key="00CA" Size="F8D0">object_ru2</Object>
	<Object Key="00CB" Size="D50">object_gi_shield_1</Object>
	<Object Key="00CC" Size="3510">object_dekujr</Object>
	<Object Key="00CD" Size="11D0">object_gi_magicpot</Object>
	<Object Key="00CE" Size="CB0">object_gi_bomb_1</Object>
	<Object Key="00CF" Size="88A0">object_oF1s</Object>
	<Object Key="00D0" Size="9EF0">object_ma2</Object>
	<Object Key="00D1" Size="1B70">object_gi_purse</Object>
	<Object Key="00D2" Size="AF70">object_hni</Object>
	<Object Key="00D3" Size="3AFB0">object_tw</Object>
	<Object Key="00D4" Size="E00">object_rr</Object>
	<Object Key="00D5" Size="2BF0">object_bxa</Object>
	<Object Key="00D6" Size="39A0">object_anubice</Object>
	<Object Key="00D7" Size="1340">object_gi_gerudo</Object>
	<Object Key="00D8" Size="1B10">object_gi_arrow</Object>
	<Object Key="00D9" Size="6A0">object_gi_bomb_2</Object>
	<Object Key="00DA" Size="1320">object_gi_egg</Object>
	<Object Key="00DB" Size="DF0">object_gi_scale</Object>
	<Object Key="00DC" Size="1070">object_gi_shield_2</Object>
	<Object Key="00DD" Size="1560">object_gi_hookshot</Object>
	<Object Key="00DE" Size="BB0">object_gi_ocarina</Object>
	<Object Key="00DF" Size="1470">object_gi_milk</Object>
	<Object Key="00E0" Size="8D80">object_ma1</Object>
	<Object Key="00E1" Size="11500">object_ganon</Object>
	<Object Key="00E2" Size="1ABB0">object_sst</Object>
	<Object Key="00E3" Size="0">object_ny</Object>
	<Object Key="00E5" Size="2170">object_ny</Object>
	<Object Key="00E6" Size="B4B0">object_fr</Object>
	<Object Key="00E7" Size="C60">object_gi_pachinko</Object>
	<Object Key="00E8" Size="DA0">object_gi_boomerang</Object>
	<Object Key="00E9" Size="D30">object_gi_bow</Object>
	<Object Key="00EA" Size="1180">object_gi_glasses</Object>
	<Object Key="00EB" Size="18D0">object_gi_liquid</Object>
	<Object Key="00EC" Size="7700">object_ani</Object>
	<Object Key="00ED" Size="3BA0">object_demo_6k</Object>
	<Object Key="00EE" Size="12C0">object_gi_shield_3</Object>
	<Object Key="00EF" Size="E00">object_gi_letter</Object>
	<Object Key="00F0" Size="1D00">object_spot15_obj</Object>
	<Object Key="00F1" Size="1C140">object_jya_obj</Object>
	<Object Key="00F2" Size="1860">object_gi_clothes</Object>
	<Object Key="00F3" Size="8C0">object_gi_bean</Object>
	<Object Key="00F4" Size="950">object_gi_fish</Object>
	<Object Key="00F5" Size="B80">object_gi_saw</Object>
	<Object Key="00F6" Size="CC0">object_gi_hammer</Object>
	<Object Key="00F7" Size="C10">object_gi_grass</Object>
	<Object Key="00F8" Size="8C0">object_gi_longsword</Object>
	<Object Key="00F9" Size="2490">object_spot01_objects</Object>
	<Object Key="00FA" Size="0">object_md</Object>
	<Object Key="00FB" Size="A150">object_md</Object>
	<Object Key="00FC" Size="59C0">object_km1</Object>
	<Object Key="00FD" Size="68E0">object_kw1</Object>
	<Object Key="00FE" Size="C040">object_zo</Object>
	<Object Key="00FF" Size="86E0">object_kz</Object>
	<Object Key="0100" Size="1470">object_umajump</Object>
	<Object Key="0101" Size="4C0">object_masterkokiri</Object>
	<Object Key="0102" Size="2CA0">object_masterkokirihead</Object>
	<Object Key="0103" Size="110">object_mastergolon</Object>
	<Object Key="0104" Size="7A0">object_masterzoora</Object>
	<Object Key="0105" Size="56B0">object_aob</Object>
	<Object Key="0106" Size="205D0">object_ik</Object>
	<Object Key="0107" Size="59B0">object_ahg</Object>
	<Object Key="0108" Size="29D0">object_cne</Object>
	<Object Key="0109" Size="19F0">object_gi_niwatori</Object>
	<Object Key="010A" Size="8E30">object_skj</Object>
	<Object Key="010B" Size="C80">object_gi_bottle_letter</Object>
	<Object Key="010C" Size="4190">object_bji</Object>
	<Object Key="010D" Size="4290">object_bba</Object>
	<Object Key="010E" Size="C10">object_gi_ocarina_0</Object>
	<Object Key="010F" Size="4780">object_ds</Object>
	<Object Key="0110" Size="6FB0">object_ane</Object>
	<Object Key="0111" Size="5CC0">object_boj</Object>
	<Object Key="0112" Size="1660">object_spot03_object</Object>
	<Object Key="0113" Size="6D30">object_spot07_object</Object>
	<Object Key="0114" Size="34D0">object_fz</Object>
	<Object Key="0115" Size="4F20">object_bob</Object>
	<Object Key="0116" Size="A4B0">object_ge1</Object>
	<Object Key="0117" Size="E50">object_yabusame_point</Object>
	<Object Key="0118" Size="1BC0">object_gi_boots_2</Object>
	<Object Key="0119" Size="AC0">object_gi_seed</Object>
	<Object Key="011A" Size="1280">object_gnd_magic</Object>
	<Object Key="011B" Size="1390">object_d_elevator</Object>
	<Object Key="011C" Size="1760">object_d_hsblock</Object>
	<Object Key="011D" Size="1800">object_d_lift</Object>
	<Object Key="011E" Size="26E0">object_mamenoki</Object>
	<Object Key="011F" Size="18A0">object_goroiwa</Object>
	<Object Key="0121" Size="7160">object_toryo</Object>
	<Object Key="0122" Size="8870">object_daiku</Object>
	<Object Key="0124" Size="DA0">object_nwc</Object>
	<Object Key="0125" Size="13890">object_blkobj</Object>
	<Object Key="0126" Size="2D0">object_gm</Object>
	<Object Key="0127" Size="3DD0">object_ms</Object>
	<Object Key="0128" Size="6270">object_hs</Object>
	<Object Key="0129" Size="11F0">object_ingate</Object>
	<Object Key="012A" Size="2420">object_lightswitch</Object>
	<Object Key="012B" Size="380">object_kusa</Object>
	<Object Key="012C" Size="19F0">object_tsubo</Object>
	<Object Key="012D" Size="1960">object_gi_gloves</Object>
	<Object Key="012E" Size="850">object_gi_coin</Object>
	<Object Key="012F" Size="17B0">object_kanban</Object>
	<Object Key="0130" Size="15F0">object_gjyo_objects</Object>
	<Object Key="0131" Size="100C0">object_owl</Object>
	<Object Key="0132" Size="5E00">object_mk</Object>
	<Object Key="0133" Size="6CA0">object_fu</Object>
	<Object Key="0134" Size="DF0">object_gi_ki_tan_mask</Object>
	<Object Key="0135" Size="A90">object_gi_redead_mask</Object>
	<Object Key="0136" Size="CE0">object_gi_skj_mask</Object>
	<Object Key="0137" Size="F00">object_gi_rabit_mask</Object>
	<Object Key="0138" Size="1860">object_gi_truth_mask</Object>
	<Object Key="0139" Size="1170">object_ganon_objects</Object>
	<Object Key="013A" Size="DB0">object_siofuki</Object>
	<Object Key="013B" Size="A80">object_stream</Object>
	<Object Key="013C" Size="8070">object_mm</Object>
	<Object Key="013D" Size="3B90">object_fa</Object>
	<Object Key="013E" Size="4670">object_os</Object>
	<Object Key="013F" Size="970">object_gi_eye_lotion</Object>
	<Object Key="0140" Size="B80">object_gi_powder</Object>
	<Object Key="0141" Size="CD0">object_gi_mushroom</Object>
	<Object Key="0142" Size="12A0">object_gi_ticketstone</Object>
	<Object Key="0143" Size="990">object_gi_brokensword</Object>
	<Object Key="0144" Size="5F30">object_js</Object>
	<Object Key="0145" Size="8550">object_cs</Object>
	<Object Key="0146" Size="C20">object_gi_prescription</Object>
	<Object Key="0147" Size="BF0">object_gi_bracelet</Object>
	<Object Key="0148" Size="4D0">object_gi_soldout</Object>
	<Object Key="0149" Size="1110">object_gi_frog</Object>
	<Object Key="014A" Size="25940">object_mag</Object>
	<Object Key="014B" Size="9A0">object_door_gerudo</Object>
	<Object Key="014C" Size="135F0">object_gt</Object>
	<Object Key="014D" Size="28F0">object_efc_erupc</Object>
	<Object Key="014E" Size="B610">object_zl2_anime1</Object>
	<Object Key="014F" Size="AAE0">object_zl2_anime2</Object>
	<Object Key="0150" Size="17B0">object_gi_golonmask</Object>
	<Object Key="0151" Size="1630">object_gi_zoramask</Object>
	<Object Key="0152" Size="1400">object_gi_gerudomask</Object>
	<Object Key="0153" Size="35BF0">object_ganon2</Object>
	<Object Key="0154" Size="67C0">object_ka</Object>
	<Object Key="0155" Size="4FF0">object_ts</Object>
	<Object Key="0156" Size="1200">object_zg</Object>
	<Object Key="0157" Size="1E70">object_gi_hoverboots</Object>
	<Object Key="0158" Size="E80">object_gi_m_arrow</Object>
	<Object Key="0159" Size="4270">object_ds2</Object>
	<Object Key="015A" Size="C930">object_ec</Object>
	<Object Key="015B" Size="155F0">object_fish</Object>
	<Object Key="015C" Size="650">object_gi_sutaru</Object>
	<Object Key="015D" Size="C50">object_gi_goddess</Object>
	<Object Key="015E" Size="5C00">object_ssh</Object>
	<Object Key="015F" Size="6BD0">object_bigokuta</Object>
	<Object Key="0160" Size="72C0">object_bg</Object>
	<Object Key="0161" Size="12F0">object_spot05_objects</Object>
	<Object Key="0162" Size="23C0">object_spot12_obj</Object>
	<Object Key="0163" Size="B00">object_bombiwa</Object>
	<Object Key="0164" Size="3140">object_hintnuts</Object>
	<Object Key="0165" Size="4880">object_rs</Object>
	<Object Key="0166" Size="1E20">object_spot00_break</Object>
	<Object Key="0167" Size="9EF0">object_gla</Object>
	<Object Key="0168" Size="4590">object_shopnuts</Object>
	<Object Key="0169" Size="B6F0">object_geldb</Object>
	<Object Key="016A" Size="9C90">object_gr</Object>
	<Object Key="016B" Size="72A0">object_dog</Object>
	<Object Key="016C" Size="2660">object_jya_iron</Object>
	<Object Key="016D" Size="2280">object_jya_door</Object>
	<Object Key="016F" Size="1A90">object_spot11_obj</Object>
	<Object Key="0170" Size="10C0">object_kibako2</Object>
	<Object Key="0171" Size="37D0">object_dns</Object>
	<Object Key="0172" Size="2E30">object_dnk</Object>
	<Object Key="0173" Size="FE0">object_gi_fire</Object>
	<Object Key="0174" Size="BF0">object_gi_insect</Object>
	<Object Key="0175" Size="BD0">object_gi_butterfly</Object>
	<Object Key="0176" Size="DB0">object_gi_ghost</Object>
	<Object Key="0177" Size="FB0">object_gi_soul</Object>
	<Object Key="0178" Size="34F0">object_bowl</Object>
	<Object Key="0179" Size="ED10">object_demo_kekkai</Object>
	<Object Key="017A" Size="1050">object_efc_doughnut</Object>
	<Object Key="017B" Size="1050">object_gi_dekupouch</Object>
	<Object Key="017C" Size="BC40">object_ganon_anime1</Object>
	<Object Key="017D" Size="10530">object_ganon_anime2</Object>
	<Object Key="017E" Size="147F0">object_ganon_anime3</Object>
	<Object Key="017F" Size="800">object_gi_rupy</Object>
	<Object Key="0180" Size="3C90">object_spot01_matoya</Object>
	<Object Key="0181" Size="21E0">object_spot01_matoyab</Object>
	<Object Key="0182" Size="AE50">object_mu</Object>
	<Object Key="0183" Size="A500">object_wf</Object>
	<Object Key="0184" Size="4810">object_skb</Object>
	<Object Key="0185" Size="A720">object_gj</Object>
	<Object Key="0186" Size="FB0">object_geff</Object>
	<Object Key="0187" Size="3970">object_haka_door</Object>
	<Object Key="0188" Size="A80">object_gs</Object>
	<Object Key="0189" Size="C900">object_ps</Object>
	<Object Key="018A" Size="1150">object_bwall</Object>
	<Object Key="018B" Size="4EB0">object_cow</Object>
	<Object Key="018C" Size="2210">object_cob</Object>
	<Object Key="018D" Size="D20">object_gi_sword_1</Object>
	<Object Key="018E" Size="1BE0">object_door_killer</Object>
	<Object Key="018F" Size="970">object_ouke_haka</Object>
	<Object Key="0190" Size="B60">object_timeblock</Object>
	<Object Key="0191" Size="1CE20">object_zl4</Object>
</Table>