﻿<?xml version="1.0" encoding="utf-8" ?>
<Table KeyType="System.Byte" ValueType="System.String">
  <Song Key="00">Nothing (1)</Song>
  <Song Key="01">Nothing (2)</Song>
  <Song Key="02">Overworld (1)</Song>
  <Song Key="03">Overworld (2)</Song>
  <Song Key="04">Overworld (3)</Song>
  <Song Key="05">Overworld (4)</Song>
  <Song Key="06">Overworld (5)</Song>
  <Song Key="07">Overworld (6)</Song>
  <Song Key="08">Overworld (7)</Song>
  <Song Key="09">Overworld (8)</Song>
  <Song Key="0A">Overworld (9)</Song>
  <Song Key="0B">Overworld (10)</Song>
  <Song Key="0C">Overworld (11)</Song>
  <Song Key="0D">Overworld (12)</Song>
  <Song Key="0E">Overworld (13)</Song>
  <Song Key="0F">Overworld (14)</Song>
  <Song Key="10">Overworld (15)</Song>
  <Song Key="11">Overworld (16)</Song>
  <Song Key="12">Overworld (17)</Song>
  <Song Key="13">Overworld (18)</Song>
  <Song Key="14">Overworld (19)</Song>
  <Song Key="15">Overworld (20)</Song>
  <Song Key="16">Overworld (21)</Song>
  <Song Key="17">Overworld (22)</Song>
  <Song Key="18">Dungeon</Song>
  <Song Key="19">Kakariko Village (Strings)</Song>
  <Song Key="1A">An Enemy Is Near</Song>
  <Song Key="1B">The Boss</Song>
  <Song Key="1C">Deku Tree / Underground</Song>
  <Song Key="1D">Market</Song>
  <Song Key="1E">Introduction</Song>
  <Song Key="1F">Inside My Home</Song>
  <Song Key="20">Link Falls</Song>
  <Song Key="21">The Boss Is Defeated</Song>
  <Song Key="22">I Have Found It!</Song>
  <Song Key="23">Ganondorf</Song>
  <Song Key="24">Power Up</Song>
  <Song Key="25">Minuet of Forest</Song>
  <Song Key="26">Jabu-Jabu's Belly</Song>
  <Song Key="27">Kakariko Village (Guitar)</Song>
  <Song Key="28">Fairy Fountain</Song>
  <Song Key="29">Zelda's Courtyard</Song>
  <Song Key="2A">Fire Temple</Song>
  <Song Key="2B">Opening the Chest</Song>
  <Song Key="2C">Forest Temple</Song>
  <Song Key="2D">Sneaking Through the Castle</Song>
  <Song Key="2E">Ganon's Organ</Song>
  <Song Key="2F">Lon Lon Ranch</Song>
  <Song Key="30">Goron City</Song>
  <Song Key="31">Hyrule Field</Song>
  <Song Key="32">Got the Stone</Song>
  <Song Key="33">Bolero of Fire</Song>
  <Song Key="34">Minuet of Forest</Song>
  <Song Key="35">Serenade of Water</Song>
  <Song Key="36">Requiem of Spirit</Song>
  <Song Key="37">Nocturne of Shadow</Song>
  <Song Key="38">The Mini-Boss</Song>
  <Song Key="39">Congratulations!</Song>
  <Song Key="3A">Temple of Time</Song>
  <Song Key="3B">Got Epona!</Song>
  <Song Key="3C">Kokiri Forest</Song>
  <Song Key="3D">Learned a Song</Song>
  <Song Key="3E">Lost Woods</Song>
  <Song Key="3F">Spirit Temple</Song>
  <Song Key="40">The Race Is On!</Song>
  <Song Key="41">Across the Finish Line</Song>
  <Song Key="42">Ingo Loses</Song>
  <Song Key="43">Gain a Medallion</Song>
  <Song Key="44">Saria's Song</Song>
  <Song Key="45">Epona's Song</Song>
  <Song Key="46">Zelda's Lullaby</Song>
  <Song Key="47">Sun Song</Song>
  <Song Key="48">Song of Time</Song>
  <Song Key="49">Song of Storms</Song>
  <Song Key="4A">Navi's Flying Around</Song>
  <Song Key="4B">Deku Tree's Words</Song>
  <Song Key="4C">Inside the Windmill</Song>
  <Song Key="4D">Flight of the Goddesses</Song>
  <Song Key="4E">Games 'n' Fun</Song>
  <Song Key="4F">Sheik's Harp</Song>
  <Song Key="50">Zora Domain</Song>
  <Song Key="51">And It's...</Song>
  <Song Key="52">Zelda in the Sky</Song>
  <Song Key="53">Time Travel</Song>
  <Song Key="54">Ganondorf!</Song>
  <Song Key="55">Shop 'Til You Drop</Song>
  <Song Key="56">Temple of Light</Song>
  <Song Key="57">Fairy Fountain</Song>
  <Song Key="58">Ice Cavern</Song>
  <Song Key="59">The Door of Time</Song>
  <Song Key="5A">The Owl Speaks</Song>
  <Song Key="5B">Shadow Temple</Song>
  <Song Key="5C">Water Temple</Song>
  <Song Key="5D">The Goddesses Depart</Song>
  <Song Key="5E">The Sages Unite</Song>
  <Song Key="5F">Gerudo Valley</Song>
  <Song Key="60">The Hag's Shop</Song>
  <Song Key="61">Kotake and Koume</Song>
  <Song Key="62">The Castle is Falling!</Song>
  <Song Key="63">Ganon's Castle</Song>
  <Song Key="64">Ganon Attacks</Song>
  <Song Key="65">Ganon's Transformation</Song>
  <Song Key="66">Zelda Plays Her Song</Song>
  <Song Key="67">The End (1)</Song>
  <Song Key="68">The End (2)</Song>
  <Song Key="69">The End (3)</Song>
  <Song Key="6A">The End (4)</Song>
  <Song Key="6B">Ganondorf Attacks</Song>
  <Song Key="6C">Gotta Catch 'Em All</Song>
  <Song Key="7F">Nothing (play night time SFX)</Song>
</Table>
