﻿<?xml version="1.0" encoding="utf-8" ?>
<Table KeyType="System.Byte" ValueType="System.String">
	<Item Key="00">Deku Stick</Item>
	<Item Key="01">Deku Nut</Item>
	<Item Key="02">Bomb</Item>
	<Item Key="03">Fairy Bow</Item>
	<Item Key="04">Fire Arrow</Item>
	<Item Key="05">Din's Fire</Item>
	<Item Key="06">Fairy Slingshot</Item>
	<Item Key="07">Fairy Ocarina</Item>
	<Item Key="08">Ocarina of Time</Item>
	<Item Key="09">Bombchu (10)</Item>
	<Item Key="0A">Hookshot</Item>
	<Item Key="0B">Longshot</Item>
	<Item Key="0C">Ice Arrow</Item>
	<Item Key="0D">Farore's Wind</Item>
	<Item Key="0E">Boomerang</Item>
	<Item Key="0F">Lens of Truth</Item>
	<Item Key="10">Magic Bean</Item>
	<Item Key="11">Megaton Hammer</Item>
	<Item Key="12">Light Arrow</Item>
	<Item Key="13">Nayru's Love</Item>
	<Item Key="14">Empty Bottle</Item>
	<Item Key="15">Red Potion</Item>
	<Item Key="16">Green Potion</Item>
	<Item Key="17">Blue Potion</Item>
	<Item Key="18">Bottled Fairy</Item>
	<Item Key="19">Fish</Item>
	<Item Key="1A">Lon Lon Milk and Bottle</Item>
	<Item Key="1B">[Ruto's] Letter</Item>
	<Item Key="1C">Blue Fire</Item>
	<Item Key="1D">Bug</Item>
	<Item Key="1E">Big Poe</Item>
	<Item Key="1F">Lon Lon Milk (Half)</Item>
	<Item Key="20">Poe</Item>
	<Item Key="21">Weird Egg</Item>
	<Item Key="22">Chicken</Item>
	<Item Key="23">Zelda's Letter</Item>
	<Item Key="24">Keaton Mask</Item>
	<Item Key="25">Skull Mask</Item>
	<Item Key="26">Spooky Mask</Item>
	<Item Key="27">Bunny Hood</Item>
	<Item Key="28">Goron Mask</Item>
	<Item Key="29">Zora Mask</Item>
	<Item Key="2A">Gerudo Mask</Item>
	<Item Key="2B">Mask of Truth</Item>
	<Item Key="2C">SOLD OUT</Item>
	<Item Key="2D">Pocket Egg</Item>
	<Item Key="2E">Pocket Cucco</Item>
	<Item Key="2F">Cojiro</Item>
	<Item Key="30">Odd Mushroom</Item>
	<Item Key="31">Odd Potion</Item>
	<Item Key="32">Poacher's Saw</Item>
	<Item Key="33">Goron's Sword (Broken)</Item>
	<Item Key="34">Prescription</Item>
	<Item Key="35">Eyeball Frog</Item>
	<Item Key="36">Eye Drops</Item>
	<Item Key="37">Claim Check</Item>
	<Item Key="38">Fairy Bow and Fire Arrow</Item>
	<Item Key="39">Fairy Bow and Ice Arrow</Item>
	<Item Key="3A">Fairy Bow and Light Arrow</Item>
	<Item Key="3B">Kokiri Sword</Item>
	<Item Key="3C">Master Sword</Item>
	<Item Key="3D">Giant's Knife and Biggoron's Sword</Item>
	<Item Key="3E">Deku Shield</Item>
	<Item Key="3F">Hylian Shield</Item>
	<Item Key="40">Mirror Shield</Item>
	<Item Key="41">Kokiri Tunic</Item>
	<Item Key="42">Goron Tunic</Item>
	<Item Key="43">Zora Tunic</Item>
	<Item Key="44">Kokiri Boots</Item>
	<Item Key="45">Iron Boots</Item>
	<Item Key="46">Hover Boots</Item>
	<Item Key="47">Bullet Bag (Holds 30)</Item>
	<Item Key="48">Bullet Bag (Holds 40)</Item>
	<Item Key="49">Bullet Bag (Holds 50)</Item>
	<Item Key="4A">Quiver (Holds 30)</Item>
	<Item Key="4B">Big Quiver (Holds 40)</Item>
	<Item Key="4C">Biggest Quiver (Holds 50)</Item>
	<Item Key="4D">Bomb Bag (Holds 20)</Item>
	<Item Key="4E">Big Bomb Bag (Holds 30)</Item>
	<Item Key="4F">Biggest Bomb Bag (Holds 40)</Item>
	<Item Key="50">Goron's Bracelet</Item>
	<Item Key="51">Silver Gauntlets</Item>
	<Item Key="52">Golden Gauntlets</Item>
	<Item Key="53">Silver Scale</Item>
	<Item Key="54">Golden Scale</Item>
	<Item Key="55">Giant's Knife (Broken)</Item>
	<Item Key="56">Adult's Wallet</Item>
	<Item Key="57">Giant's Wallet</Item>
	<Item Key="58">Deku Seeds (5)</Item>
	<Item Key="59">Fishing Pole</Item>
	<Item Key="FF">- No Item -</Item>

	<QuestItem Key="00">Forest Medallion</QuestItem>
	<QuestItem Key="01">Fire Medallion</QuestItem>
	<QuestItem Key="02">Water Medallion</QuestItem>
	<QuestItem Key="03">Spirit Medallion</QuestItem>
	<QuestItem Key="04">Shadow Medallion</QuestItem>
	<QuestItem Key="05">Light Medallion</QuestItem>
	<QuestItem Key="06">Minuet Song</QuestItem>
	<QuestItem Key="07">Bolero Song</QuestItem>
	<QuestItem Key="08">Serenade Song</QuestItem>
	<QuestItem Key="09">Requiem Song</QuestItem>
	<QuestItem Key="0A">Nocturne Song</QuestItem>
	<QuestItem Key="0B">Prelude Song</QuestItem>
	<QuestItem Key="0C">Lullaby Song</QuestItem>
	<QuestItem Key="0D">Epona Song</QuestItem>
	<QuestItem Key="0E">Saria Song</QuestItem>
	<QuestItem Key="0F">Sun Song</QuestItem>
	<QuestItem Key="10">Song of Time</QuestItem>
	<QuestItem Key="11">Song of Storms</QuestItem>
	<QuestItem Key="12">Kokiri Emerald</QuestItem>
	<QuestItem Key="13">Goron Ruby</QuestItem>
	<QuestItem Key="14">Zora Sapphire</QuestItem>
	<QuestItem Key="15">Stone of Agony</QuestItem>
	<QuestItem Key="16">Gerudo Card</QuestItem>
</Table>
