<?xml version="1.0" encoding="utf-8" ?>
<Table KeyType="System.Byte" ValueType="System.String">
  <Worldmap Key="00">Hyrule Field / not applicable</Worldmap>
  <Worldmap Key="01">Kakariko</Worldmap>
  <Worldmap Key="02">Grave</Worldmap>
  <Worldmap Key="03">Zora River</Worldmap>
  <Worldmap Key="04">Kokiri Forest</Worldmap>
  <Worldmap Key="05">Sacred Forest Meadow</Worldmap>
  <Worldmap Key="06">Lake Hylia</Worldmap>
  <Worldmap Key="07">Zora's Domain</Worldmap>
  <Worldmap Key="08">Zora's Fountain</Worldmap>
  <Worldmap Key="09">Gerudo Valley</Worldmap>
  <Worldmap Key="0A">Lost woods</Worldmap>
  <Worldmap Key="0B">Desert Colossus</Worldmap>
  <Worldmap Key="0C">Gerudo Fortress</Worldmap>
  <Worldmap Key="0D">Haunted Wasteland</Worldmap>
  <Worldmap Key="0E">Market</Worldmap>
  <Worldmap Key="0F">Hyrule castle</Worldmap>
  <Worldmap Key="10">Death Mountain Trail</Worldmap>
  <Worldmap Key="11">Death Mountain Crater</Worldmap>
  <Worldmap Key="12">Goron City</Worldmap>
  <Worldmap Key="13">Lon Lon Ranch</Worldmap>
  <Worldmap Key="14">? (Windmill/Dampe's Grave)</Worldmap>
  <Worldmap Key="15">Ganon's Castle</Worldmap>
  <Worldmap Key="16">Undefined</Worldmap>
</Table>