<?xml version="1.0" encoding="utf-8" ?>
<Table KeyType="System.UInt16" ValueType="System.String">
<Object Key="0000" Size="0">unset</Object>
<Object Key="0001" Size="925E0">gameplay_keep</Object>
<Object Key="0002" Size="9290">gameplay_field_keep</Object>
<Object Key="0003" Size="23280">gameplay_dangeon_keep</Object>
<Object Key="0004" Size="8C50">object_nb</Object>
<Object Key="0005" Size="4680">object_okuta</Object>
<Object Key="0006" Size="10D0">object_crow</Object>
<Object Key="0007" Size="9E80">object_ah</Object>
<Object Key="0008" Size="1C8C0">object_dy_obj</Object>
<Object Key="0009" Size="A070">object_wallmaster</Object>
<Object Key="000A" Size="9940">object_dodongo</Object>
<Object Key="000B" Size="18C0">object_firefly</Object>
<Object Key="000C" Size="8120">object_box</Object>
<Object Key="000D" Size="DBF0">object_al</Object>
<Object Key="000E" Size="10C0">object_bubble</Object>
<Object Key="000F" Size="2540">object_niw</Object>
<Object Key="0010" Size="D890">object_link_boy</Object>
<Object Key="0011" Size="1E250">object_link_child</Object>
<Object Key="0012" Size="3A30">object_tite</Object>
<Object Key="0013" Size="86C0">object_tab</Object>
<Object Key="0014" Size="1C90">object_ph</Object>
<Object Key="0015" Size="122E0">object_and</Object>
<Object Key="0016" Size="16A0">object_msmo</Object>
<Object Key="0017" Size="D640">object_dinofos</Object>
<Object Key="0018" Size="5A90">object_drs</Object>
<Object Key="0019" Size="143C0">object_zl1</Object>
<Object Key="001A" Size="88D0">object_an4</Object>
<Object Key="001B" Size="0">unset</Object>
<Object Key="001C" Size="F800">object_test3</Object>
<Object Key="001D" Size="3E40">object_famos</Object>
<Object Key="001E" Size="0">unset</Object>
<Object Key="001F" Size="0">unset</Object>
<Object Key="0020" Size="5BB0">object_st</Object>
<Object Key="0021" Size="0">unset</Object>
<Object Key="0022" Size="63E0">object_thiefbird</Object>
<Object Key="0023" Size="0">unset</Object>
<Object Key="0024" Size="0">unset</Object>
<Object Key="0025" Size="0">unset</Object>
<Object Key="0026" Size="0">unset</Object>
<Object Key="0027" Size="0">unset</Object>
<Object Key="0028" Size="0">unset</Object>
<Object Key="0029" Size="0">unset</Object>
<Object Key="002A" Size="1A00">object_bombf</Object>
<Object Key="002B" Size="0">unset</Object>
<Object Key="002C" Size="0">unset</Object>
<Object Key="002D" Size="0">unset</Object>
<Object Key="002E" Size="0">unset</Object>
<Object Key="002F" Size="0">unset</Object>
<Object Key="0030" Size="5D30">object_am</Object>
<Object Key="0031" Size="39C0">object_dekubaba</Object>
<Object Key="0032" Size="0">unset</Object>
<Object Key="0033" Size="0">unset</Object>
<Object Key="0034" Size="0">unset</Object>
<Object Key="0035" Size="0">unset</Object>
<Object Key="0036" Size="0">unset</Object>
<Object Key="0037" Size="0">unset</Object>
<Object Key="0038" Size="0">unset</Object>
<Object Key="0039" Size="0">unset</Object>
<Object Key="003A" Size="0">unset</Object>
<Object Key="003B" Size="0">unset</Object>
<Object Key="003C" Size="0">unset</Object>
<Object Key="003D" Size="0">unset</Object>
<Object Key="003E" Size="8C00">object_warp1</Object>
<Object Key="003F" Size="640">object_b_heart</Object>
<Object Key="0040" Size="3790">object_dekunuts</Object>
<Object Key="0041" Size="0">unset</Object>
<Object Key="0042" Size="0">unset</Object>
<Object Key="0043" Size="0">unset</Object>
<Object Key="0044" Size="0">unset</Object>
<Object Key="0045" Size="0">unset</Object>
<Object Key="0046" Size="0">unset</Object>
<Object Key="0047" Size="0">unset</Object>
<Object Key="0048" Size="0">unset</Object>
<Object Key="0049" Size="0">unset</Object>
<Object Key="004A" Size="0">unset</Object>
<Object Key="004B" Size="0">unset</Object>
<Object Key="004C" Size="0">unset</Object>
<Object Key="004D" Size="0">unset</Object>
<Object Key="004E" Size="0">unset</Object>
<Object Key="004F" Size="0">unset</Object>
<Object Key="0050" Size="0">unset</Object>
<Object Key="0051" Size="1A40">object_bb</Object>
<Object Key="0052" Size="CBD0">object_death</Object>
<Object Key="0053" Size="0">unset</Object>
<Object Key="0054" Size="0">unset</Object>
<Object Key="0055" Size="0">unset</Object>
<Object Key="0056" Size="0">unset</Object>
<Object Key="0057" Size="0">unset</Object>
<Object Key="0058" Size="0">unset</Object>
<Object Key="0059" Size="0">unset</Object>
<Object Key="005A" Size="0">unset</Object>
<Object Key="005B" Size="0">unset</Object>
<Object Key="005C" Size="4670">object_f40_obj</Object>
<Object Key="005D" Size="97E0">object_po_composer</Object>
<Object Key="005E" Size="0">unset</Object>
<Object Key="005F" Size="2FE0">object_hata</Object>
<Object Key="0060" Size="0">unset</Object>
<Object Key="0061" Size="97C0">object_wood02</Object>
<Object Key="0062" Size="0">unset</Object>
<Object Key="0063" Size="0">unset</Object>
<Object Key="0064" Size="23E0">object_trap</Object>
<Object Key="0065" Size="0">unset</Object>
<Object Key="0066" Size="0">unset</Object>
<Object Key="0067" Size="0">unset</Object>
<Object Key="0068" Size="0">unset</Object>
<Object Key="0069" Size="0">unset</Object>
<Object Key="006A" Size="3F70">object_vm</Object>
<Object Key="006B" Size="0">unset</Object>
<Object Key="006C" Size="0">unset</Object>
<Object Key="006D" Size="0">unset</Object>
<Object Key="006E" Size="0">unset</Object>
<Object Key="006F" Size="0">unset</Object>
<Object Key="0070" Size="17D0">object_efc_star_field</Object>
<Object Key="0071" Size="0">unset</Object>
<Object Key="0072" Size="0">unset</Object>
<Object Key="0073" Size="0">unset</Object>
<Object Key="0074" Size="0">unset</Object>
<Object Key="0075" Size="12180">object_rd</Object>
<Object Key="0076" Size="20A0">object_yukimura_obj</Object>
<Object Key="0077" Size="0">object_heavy_object</Object>
<Object Key="0078" Size="0">unset</Object>
<Object Key="0079" Size="0">unset</Object>
<Object Key="007A" Size="0">unset</Object>
<Object Key="007B" Size="0">unset</Object>
<Object Key="007C" Size="0">unset</Object>
<Object Key="007D" Size="E4F0">object_horse_link_child</Object>
<Object Key="007E" Size="0">unset</Object>
<Object Key="007F" Size="0">unset</Object>
<Object Key="0080" Size="3C90">object_syokudai</Object>
<Object Key="0081" Size="0">unset</Object>
<Object Key="0082" Size="0">unset</Object>
<Object Key="0083" Size="0">unset</Object>
<Object Key="0084" Size="12F0">object_efc_tw</Object>
<Object Key="0085" Size="0">unset</Object>
<Object Key="0086" Size="A20">object_gi_key</Object>
<Object Key="0087" Size="D60">object_mir_ray</Object>
<Object Key="0088" Size="185C0">object_ctower_rot</Object>
<Object Key="0089" Size="0">unset</Object>
<Object Key="008A" Size="7BA0">object_bdoor</Object>
<Object Key="008B" Size="0">unset</Object>
<Object Key="008C" Size="0">unset</Object>
<Object Key="008D" Size="0">unset</Object>
<Object Key="008E" Size="2CA0">object_sb</Object>
<Object Key="008F" Size="D20">object_gi_melody</Object>
<Object Key="0090" Size="1F0">object_gi_heart</Object>
<Object Key="0091" Size="D10">object_gi_compass</Object>
<Object Key="0092" Size="1010">object_gi_bosskey</Object>
<Object Key="0093" Size="0">unset</Object>
<Object Key="0094" Size="11C0">object_gi_nuts</Object>
<Object Key="0095" Size="0">unset</Object>
<Object Key="0096" Size="17B0">object_gi_hearts</Object>
<Object Key="0097" Size="CB0">object_gi_arrowcase</Object>
<Object Key="0098" Size="E60">object_gi_bombpouch</Object>
<Object Key="0099" Size="1CFB0">object_in</Object>
<Object Key="009A" Size="0">unset</Object>
<Object Key="009B" Size="0">unset</Object>
<Object Key="009C" Size="0">unset</Object>
<Object Key="009D" Size="2C90">object_os_anime</Object>
<Object Key="009E" Size="8F0">object_gi_bottle</Object>
<Object Key="009F" Size="6C0">object_gi_stick</Object>
<Object Key="00A0" Size="1160">object_gi_map</Object>
<Object Key="00A1" Size="14D90">object_oF1d_map</Object>
<Object Key="00A2" Size="F8D0">object_ru2</Object>
<Object Key="00A3" Size="0">unset</Object>
<Object Key="00A4" Size="11D0">object_gi_magicpot</Object>
<Object Key="00A5" Size="CB0">object_gi_bomb_1</Object>
<Object Key="00A6" Size="0">unset</Object>
<Object Key="00A7" Size="16730">object_ma2</Object>
<Object Key="00A8" Size="1B70">object_gi_purse</Object>
<Object Key="00A9" Size="0">unset</Object>
<Object Key="00AA" Size="0">unset</Object>
<Object Key="00AB" Size="E00">object_rr</Object>
<Object Key="00AC" Size="0">unset</Object>
<Object Key="00AD" Size="0">unset</Object>
<Object Key="00AE" Size="0">unset</Object>
<Object Key="00AF" Size="1B10">object_gi_arrow</Object>
<Object Key="00B0" Size="6A0">object_gi_bomb_2</Object>
<Object Key="00B1" Size="0">unset</Object>
<Object Key="00B2" Size="0">unset</Object>
<Object Key="00B3" Size="1EC0">object_gi_shield_2</Object>
<Object Key="00B4" Size="1450">object_gi_hookshot</Object>
<Object Key="00B5" Size="BB0">object_gi_ocarina</Object>
<Object Key="00B6" Size="1470">object_gi_milk</Object>
<Object Key="00B7" Size="1B780">object_ma1</Object>
<Object Key="00B8" Size="0">unset</Object>
<Object Key="00B9" Size="0">unset</Object>
<Object Key="00BA" Size="0">unset</Object>
<Object Key="00BB" Size="2330">object_ny</Object>
<Object Key="00BC" Size="B550">object_fr</Object>
<Object Key="00BD" Size="0">unset</Object>
<Object Key="00BE" Size="0">unset</Object>
<Object Key="00BF" Size="12F0">object_gi_bow</Object>
<Object Key="00C0" Size="1180">object_gi_glasses</Object>
<Object Key="00C1" Size="18D0">object_gi_liquid</Object>
<Object Key="00C2" Size="B8C0">object_ani</Object>
<Object Key="00C3" Size="1C00">object_gi_shield_3</Object>
<Object Key="00C4" Size="0">unset</Object>
<Object Key="00C5" Size="0">unset</Object>
<Object Key="00C6" Size="8C0">object_gi_bean</Object>
<Object Key="00C7" Size="950">object_gi_fish</Object>
<Object Key="00C8" Size="0">unset</Object>
<Object Key="00C9" Size="0">unset</Object>
<Object Key="00CA" Size="0">unset</Object>
<Object Key="00CB" Size="8C0">object_gi_longsword</Object>
<Object Key="00CC" Size="0">unset</Object>
<Object Key="00CD" Size="0">unset</Object>
<Object Key="00CE" Size="0">unset</Object>
<Object Key="00CF" Size="0">unset</Object>
<Object Key="00D0" Size="11440">object_zo</Object>
<Object Key="00D1" Size="0">unset</Object>
<Object Key="00D2" Size="1590">object_umajump</Object>
<Object Key="00D3" Size="0">unset</Object>
<Object Key="00D4" Size="0">unset</Object>
<Object Key="00D5" Size="110">object_mastergolon</Object>
<Object Key="00D6" Size="7A0">object_masterzoora</Object>
<Object Key="00D7" Size="7770">object_aob</Object>
<Object Key="00D8" Size="136B0">object_ik</Object>
<Object Key="00D9" Size="59B0">object_ahg</Object>
<Object Key="00DA" Size="29D0">object_cne</Object>
<Object Key="00DB" Size="0">unset</Object>
<Object Key="00DC" Size="0">unset</Object>
<Object Key="00DD" Size="2A60">object_an3</Object>
<Object Key="00DE" Size="5B70">object_bji</Object>
<Object Key="00DF" Size="A0A0">object_bba</Object>
<Object Key="00E0" Size="42E0">object_an2</Object>
<Object Key="00E1" Size="0">unset</Object>
<Object Key="00E2" Size="13E30">object_an1</Object>
<Object Key="00E3" Size="137C0">object_boj</Object>
<Object Key="00E4" Size="34D0">object_fz</Object>
<Object Key="00E5" Size="4F20">object_bob</Object>
<Object Key="00E6" Size="C1E0">object_ge1</Object>
<Object Key="00E7" Size="E50">object_yabusame_point</Object>
<Object Key="00E8" Size="0">unset</Object>
<Object Key="00E9" Size="0">unset</Object>
<Object Key="00EA" Size="0">unset</Object>
<Object Key="00EB" Size="0">unset</Object>
<Object Key="00EC" Size="1760">object_d_hsblock</Object>
<Object Key="00ED" Size="2330">object_d_lift</Object>
<Object Key="00EE" Size="26A0">object_mamenoki</Object>
<Object Key="00EF" Size="A5A0">object_goroiwa</Object>
<Object Key="00F0" Size="7160">object_toryo</Object>
<Object Key="00F1" Size="D340">object_daiku</Object>
<Object Key="00F2" Size="1CA0">object_nwc</Object>
<Object Key="00F3" Size="10">object_gm</Object>
<Object Key="00F4" Size="3DD0">object_ms</Object>
<Object Key="00F5" Size="6270">object_hs</Object>
<Object Key="00F6" Size="0">unset</Object>
<Object Key="00F7" Size="2420">object_lightswitch</Object>
<Object Key="00F8" Size="380">object_kusa</Object>
<Object Key="00F9" Size="19F0">object_tsubo</Object>
<Object Key="00FA" Size="0">unset</Object>
<Object Key="00FB" Size="0">unset</Object>
<Object Key="00FC" Size="17B0">object_kanban</Object>
<Object Key="00FD" Size="105D0">object_owl</Object>
<Object Key="00FE" Size="6CB0">object_mk</Object>
<Object Key="00FF" Size="6CA0">object_fu</Object>
<Object Key="0100" Size="DF0">object_gi_ki_tan_mask</Object>
<Object Key="0101" Size="0">unset</Object>
<Object Key="0102" Size="18C0">object_gi_mask18</Object>
<Object Key="0103" Size="F00">object_gi_rabit_mask</Object>
<Object Key="0104" Size="1860">object_gi_truth_mask</Object>
<Object Key="0105" Size="0">unset</Object>
<Object Key="0106" Size="A80">object_stream</Object>
<Object Key="0107" Size="DA60">object_mm</Object>
<Object Key="0108" Size="0">unset</Object>
<Object Key="0109" Size="0">unset</Object>
<Object Key="010A" Size="0">unset</Object>
<Object Key="010B" Size="0">unset</Object>
<Object Key="010C" Size="0">unset</Object>
<Object Key="010D" Size="0">unset</Object>
<Object Key="010E" Size="0">unset</Object>
<Object Key="010F" Size="6A20">object_js</Object>
<Object Key="0110" Size="10B80">object_cs</Object>
<Object Key="0111" Size="0">unset</Object>
<Object Key="0112" Size="0">unset</Object>
<Object Key="0113" Size="4D0">object_gi_soldout</Object>
<Object Key="0114" Size="0">unset</Object>
<Object Key="0115" Size="21360">object_mag</Object>
<Object Key="0116" Size="0">unset</Object>
<Object Key="0117" Size="0">unset</Object>
<Object Key="0118" Size="0">unset</Object>
<Object Key="0119" Size="1D20">object_gi_golonmask</Object>
<Object Key="011A" Size="1760">object_gi_zoramask</Object>
<Object Key="011B" Size="0">unset</Object>
<Object Key="011C" Size="0">unset</Object>
<Object Key="011D" Size="81C0">object_ka</Object>
<Object Key="011E" Size="0">unset</Object>
<Object Key="011F" Size="1200">object_zg</Object>
<Object Key="0120" Size="0">unset</Object>
<Object Key="0121" Size="E80">object_gi_m_arrow</Object>
<Object Key="0122" Size="4270">object_ds2</Object>
<Object Key="0123" Size="0">unset</Object>
<Object Key="0124" Size="155F0">object_fish</Object>
<Object Key="0125" Size="650">object_gi_sutaru</Object>
<Object Key="0126" Size="0">unset</Object>
<Object Key="0127" Size="6D90">object_ssh</Object>
<Object Key="0128" Size="13400">object_bigslime</Object>
<Object Key="0129" Size="11B70">object_bg</Object>
<Object Key="012A" Size="6A70">object_bombiwa</Object>
<Object Key="012B" Size="3140">object_hintnuts</Object>
<Object Key="012C" Size="9230">object_rs</Object>
<Object Key="012D" Size="0">unset</Object>
<Object Key="012E" Size="A360">object_gla</Object>
<Object Key="012F" Size="0">unset</Object>
<Object Key="0130" Size="B100">object_geldb</Object>
<Object Key="0131" Size="0">unset</Object>
<Object Key="0132" Size="8100">object_dog</Object>
<Object Key="0133" Size="11C0">object_kibako2</Object>
<Object Key="0134" Size="3500">object_dns</Object>
<Object Key="0135" Size="2B80">object_dnk</Object>
<Object Key="0136" Size="0">unset</Object>
<Object Key="0137" Size="BF0">object_gi_insect</Object>
<Object Key="0138" Size="0">unset</Object>
<Object Key="0139" Size="DB0">object_gi_ghost</Object>
<Object Key="013A" Size="FB0">object_gi_soul</Object>
<Object Key="013B" Size="0">unset</Object>
<Object Key="013C" Size="0">unset</Object>
<Object Key="013D" Size="0">unset</Object>
<Object Key="013E" Size="0">unset</Object>
<Object Key="013F" Size="840">object_gi_rupy</Object>
<Object Key="0140" Size="BAE0">object_mu</Object>
<Object Key="0141" Size="A3E0">object_wf</Object>
<Object Key="0142" Size="6DA0">object_skb</Object>
<Object Key="0143" Size="A80">object_gs</Object>
<Object Key="0144" Size="7910">object_ps</Object>
<Object Key="0145" Size="1B00">object_omoya_obj</Object>
<Object Key="0146" Size="4EB0">object_cow</Object>
<Object Key="0147" Size="0">unset</Object>
<Object Key="0148" Size="1220">object_gi_sword_1</Object>
<Object Key="0149" Size="0">unset</Object>
<Object Key="014A" Size="0">unset</Object>
<Object Key="014B" Size="24F60">object_zl4</Object>
<Object Key="014C" Size="17A90">object_link_goron</Object>
<Object Key="014D" Size="12C40">object_link_zora</Object>
<Object Key="014E" Size="5260">object_grasshopper</Object>
<Object Key="014F" Size="E90">object_boyo</Object>
<Object Key="0150" Size="0">unset</Object>
<Object Key="0151" Size="0">unset</Object>
<Object Key="0152" Size="0">unset</Object>
<Object Key="0153" Size="5CA0">object_fwall</Object>
<Object Key="0154" Size="BA30">object_link_nuts</Object>
<Object Key="0155" Size="B600">object_jso</Object>
<Object Key="0156" Size="22CC0">object_knight</Object>
<Object Key="0157" Size="12C0">object_icicle</Object>
<Object Key="0158" Size="26B0">object_spdweb</Object>
<Object Key="0159" Size="0">unset</Object>
<Object Key="015A" Size="23960">object_boss01</Object>
<Object Key="015B" Size="14DA0">object_boss02</Object>
<Object Key="015C" Size="EEC0">object_boss03</Object>
<Object Key="015D" Size="4600">object_boss04</Object>
<Object Key="015E" Size="7920">object_boss05</Object>
<Object Key="015F" Size="0">object_boss06</Object>
<Object Key="0160" Size="4A730">object_boss07</Object>
<Object Key="0161" Size="3440">object_raf</Object>
<Object Key="0162" Size="5C0">object_funen</Object>
<Object Key="0163" Size="7EB0">object_raillift</Object>
<Object Key="0164" Size="141B0">object_numa_obj</Object>
<Object Key="0165" Size="1640">object_flowerpot</Object>
<Object Key="0166" Size="FB0">object_spinyroll</Object>
<Object Key="0167" Size="1AE0">object_ice_block</Object>
<Object Key="0168" Size="0">unset</Object>
<Object Key="0169" Size="D330">object_keikoku_demo</Object>
<Object Key="016A" Size="1C70">object_slime</Object>
<Object Key="016B" Size="4350">object_pr</Object>
<Object Key="016C" Size="1BE0">object_f52_obj</Object>
<Object Key="016D" Size="3A70">object_f53_obj</Object>
<Object Key="016E" Size="0">unset</Object>
<Object Key="016F" Size="1B00">object_kibako</Object>
<Object Key="0170" Size="4A70">object_sek</Object>
<Object Key="0171" Size="20F0">object_gmo</Object>
<Object Key="0172" Size="CA0">object_bat</Object>
<Object Key="0173" Size="3430">object_sekihil</Object>
<Object Key="0174" Size="3410">object_sekihig</Object>
<Object Key="0175" Size="3410">object_sekihin</Object>
<Object Key="0176" Size="1040">object_sekihiz</Object>
<Object Key="0177" Size="0">unset</Object>
<Object Key="0178" Size="B330">object_wiz</Object>
<Object Key="0179" Size="10A0">object_ladder</Object>
<Object Key="017A" Size="510">object_mkk</Object>
<Object Key="017B" Size="0">unset</Object>
<Object Key="017C" Size="0">unset</Object>
<Object Key="017D" Size="0">unset</Object>
<Object Key="017E" Size="5220">object_keikoku_obj</Object>
<Object Key="017F" Size="2910">object_sichitai_obj</Object>
<Object Key="0180" Size="1100">object_dekucity_ana_obj</Object>
<Object Key="0181" Size="1870">object_rat</Object>
<Object Key="0182" Size="4410">object_water_effect</Object>
<Object Key="0183" Size="0">unset</Object>
<Object Key="0184" Size="18E60">object_dblue_object</Object>
<Object Key="0185" Size="D5C0">object_bal</Object>
<Object Key="0186" Size="2450">object_warp_uzu</Object>
<Object Key="0187" Size="1AE0">object_driftice</Object>
<Object Key="0188" Size="AB40">object_fall</Object>
<Object Key="0189" Size="4DC0">object_hanareyama_obj</Object>
<Object Key="018A" Size="E30">object_crace_object</Object>
<Object Key="018B" Size="F520">object_dnq</Object>
<Object Key="018C" Size="11C80">object_obj_tokeidai</Object>
<Object Key="018D" Size="131F0">object_eg</Object>
<Object Key="018E" Size="1B5E0">object_tru</Object>
<Object Key="018F" Size="FF00">object_trt</Object>
<Object Key="0190" Size="10440">object_hakugin_obj</Object>
<Object Key="0191" Size="3950">object_horse_game_check</Object>
<Object Key="0192" Size="1D3E0">object_stk</Object>
<Object Key="0193" Size="0">unset</Object>
<Object Key="0194" Size="0">unset</Object>
<Object Key="0195" Size="1D530">object_mnk</Object>
<Object Key="0196" Size="FD0">object_gi_bottle_red</Object>
<Object Key="0197" Size="15C0">object_tokei_tobira</Object>
<Object Key="0198" Size="1ADD0">object_az</Object>
<Object Key="0199" Size="20D0">object_twig</Object>
<Object Key="019A" Size="46C0">object_dekucity_obj</Object>
<Object Key="019B" Size="2500">object_po_fusen</Object>
<Object Key="019C" Size="18A0">object_racetsubo</Object>
<Object Key="019D" Size="150F0">object_ha</Object>
<Object Key="019E" Size="6BD0">object_bigokuta</Object>
<Object Key="019F" Size="11470">object_open_obj</Object>
<Object Key="01A0" Size="3830">object_fu_kaiten</Object>
<Object Key="01A1" Size="3250">object_fu_mato</Object>
<Object Key="01A2" Size="110C0">object_mtoride</Object>
<Object Key="01A3" Size="20560">object_osn</Object>
<Object Key="01A4" Size="9A0">object_tokei_step</Object>
<Object Key="01A5" Size="A50">object_lotus</Object>
<Object Key="01A6" Size="8250">object_tl</Object>
<Object Key="01A7" Size="11E0">object_dkjail_obj</Object>
<Object Key="01A8" Size="B00">object_visiblock</Object>
<Object Key="01A9" Size="9310">object_tsn</Object>
<Object Key="01AA" Size="8180">object_ds2n</Object>
<Object Key="01AB" Size="14320">object_fsn</Object>
<Object Key="01AC" Size="11220">object_shn</Object>
<Object Key="01AD" Size="2D70">object_bigicicle</Object>
<Object Key="01AE" Size="2000">object_gi_bottle_15</Object>
<Object Key="01AF" Size="BA00">object_tk</Object>
<Object Key="01B0" Size="20DD0">object_market_obj</Object>
<Object Key="01B1" Size="1C70">object_gi_reserve00</Object>
<Object Key="01B2" Size="1610">object_gi_reserve01</Object>
<Object Key="01B3" Size="BB0">object_lightblock</Object>
<Object Key="01B4" Size="E50">object_takaraya_objects</Object>
<Object Key="01B5" Size="1E30">object_wdhand</Object>
<Object Key="01B6" Size="DC90">object_sdn</Object>
<Object Key="01B7" Size="2AA0">object_snowwd</Object>
<Object Key="01B8" Size="17960">object_giant</Object>
<Object Key="01B9" Size="10D0">object_comb</Object>
<Object Key="01BA" Size="750">object_hana</Object>
<Object Key="01BB" Size="16840">object_boss_hakugin</Object>
<Object Key="01BC" Size="15D0">object_meganeana_obj</Object>
<Object Key="01BD" Size="1C30">object_gi_nutsmask</Object>
<Object Key="01BE" Size="3A910">object_stk2</Object>
<Object Key="01BF" Size="1EF0">object_spot11_obj</Object>
<Object Key="01C0" Size="3E10">object_danpei_object</Object>
<Object Key="01C1" Size="82C0">object_dhouse</Object>
<Object Key="01C2" Size="2FF0">object_hakaisi</Object>
<Object Key="01C3" Size="50E0">object_po</Object>
<Object Key="01C4" Size="7730">object_snowman</Object>
<Object Key="01C5" Size="65D0">object_po_sisters</Object>
<Object Key="01C6" Size="12B00">object_pp</Object>
<Object Key="01C7" Size="29B0">object_goronswitch</Object>
<Object Key="01C8" Size="14E10">object_delf</Object>
<Object Key="01C9" Size="1C10">object_botihasira</Object>
<Object Key="01CA" Size="1930">object_gi_bigbomb</Object>
<Object Key="01CB" Size="1A90">object_pst</Object>
<Object Key="01CC" Size="CB90">object_bsmask</Object>
<Object Key="01CD" Size="23C0">object_spidertent</Object>
<Object Key="01CE" Size="59B0">object_zoraegg</Object>
<Object Key="01CF" Size="F0E0">object_kbt</Object>
<Object Key="01D0" Size="100E0">object_gg</Object>
<Object Key="01D1" Size="2FE0">object_maruta</Object>
<Object Key="01D2" Size="3D00">object_ghaka</Object>
<Object Key="01D3" Size="9C0">object_oyu</Object>
<Object Key="01D4" Size="12440">object_dnp</Object>
<Object Key="01D5" Size="130E0">object_dai</Object>
<Object Key="01D6" Size="10BA0">object_kgy</Object>
<Object Key="01D7" Size="6EB0">object_fb</Object>
<Object Key="01D8" Size="7780">object_taisou</Object>
<Object Key="01D9" Size="13F0">object_mask_bu_san</Object>
<Object Key="01DA" Size="AD0">object_mask_ki_tan</Object>
<Object Key="01DB" Size="13A0">object_mask_rabit</Object>
<Object Key="01DC" Size="16E0">object_mask_skj</Object>
<Object Key="01DD" Size="1200">object_mask_bakuretu</Object>
<Object Key="01DE" Size="12A0">object_mask_truth</Object>
<Object Key="01DF" Size="11720">object_gk</Object>
<Object Key="01E0" Size="7840">object_haka_obj</Object>
<Object Key="01E1" Size="17B0">object_mask_goron</Object>
<Object Key="01E2" Size="1090">object_mask_zora</Object>
<Object Key="01E3" Size="20E0">object_mask_nuts</Object>
<Object Key="01E4" Size="20D0">object_mask_boy</Object>
<Object Key="01E5" Size="B2D0">object_dnt</Object>
<Object Key="01E6" Size="6870">object_yukiyama</Object>
<Object Key="01E7" Size="CC0">object_icefloe</Object>
<Object Key="01E8" Size="1140">object_gi_gold_dust</Object>
<Object Key="01E9" Size="1320">object_gi_bottle_16</Object>
<Object Key="01EA" Size="1AC0">object_gi_bottle_22</Object>
<Object Key="01EB" Size="13A0">object_bee</Object>
<Object Key="01EC" Size="4B40">object_ot</Object>
<Object Key="01ED" Size="4AD0">object_utubo</Object>
<Object Key="01EE" Size="5210">object_dora</Object>
<Object Key="01EF" Size="1440">object_gi_loach</Object>
<Object Key="01F0" Size="17D0">object_gi_seahorse</Object>
<Object Key="01F1" Size="5C20">object_bigpo</Object>
<Object Key="01F2" Size="420">object_hariko</Object>
<Object Key="01F3" Size="E210">object_dno</Object>
<Object Key="01F4" Size="80">object_sinkai_kabe</Object>
<Object Key="01F5" Size="83C0">object_kin2_obj</Object>
<Object Key="01F6" Size="A60">object_ishi</Object>
<Object Key="01F7" Size="3390">object_hakugin_demo</Object>
<Object Key="01F8" Size="1B220">object_jg</Object>
<Object Key="01F9" Size="1560">object_gi_sword_2</Object>
<Object Key="01FA" Size="12A0">object_gi_sword_3</Object>
<Object Key="01FB" Size="1460">object_gi_sword_4</Object>
<Object Key="01FC" Size="19E20">object_um</Object>
<Object Key="01FD" Size="DA0">object_mask_gibudo</Object>
<Object Key="01FE" Size="1360">object_mask_json</Object>
<Object Key="01FF" Size="15C0">object_mask_kerfay</Object>
<Object Key="0200" Size="34B0">object_mask_bigelf</Object>
<Object Key="0201" Size="1EF0">object_rb</Object>
<Object Key="0202" Size="19E0">object_mbar_obj</Object>
<Object Key="0203" Size="15BA0">object_ikana_obj</Object>
<Object Key="0204" Size="F900">object_kz</Object>
<Object Key="0205" Size="3140">object_tokei_turret</Object>
<Object Key="0206" Size="29180">object_zog</Object>
<Object Key="0207" Size="4E20">object_rotlift</Object>
<Object Key="0208" Size="2980">object_posthouse_obj</Object>
<Object Key="0209" Size="1760">object_gi_mask09</Object>
<Object Key="020A" Size="1F80">object_gi_mask14</Object>
<Object Key="020B" Size="1B60">object_gi_mask15</Object>
<Object Key="020C" Size="EEE0">object_inibs_object</Object>
<Object Key="020D" Size="1B60">object_tree</Object>
<Object Key="020E" Size="B8A0">object_kaizoku_obj</Object>
<Object Key="020F" Size="1030">object_gi_reserve_b_00</Object>
<Object Key="0210" Size="10E0">object_gi_reserve_c_00</Object>
<Object Key="0211" Size="11160">object_zob</Object>
<Object Key="0212" Size="118B0">object_milkbar</Object>
<Object Key="0213" Size="42C0">object_dmask</Object>
<Object Key="0214" Size="CA0">object_mask_kyojin</Object>
<Object Key="0215" Size="F00">object_gi_reserve_c_01</Object>
<Object Key="0216" Size="D9C0">object_zod</Object>
<Object Key="0217" Size="3370">object_kumo30</Object>
<Object Key="0218" Size="1460">object_obj_yasi</Object>
<Object Key="0219" Size="1A10">object_mask_romerny</Object>
<Object Key="021A" Size="10">object_tanron1</Object>
<Object Key="021B" Size="12A0">object_tanron2</Object>
<Object Key="021C" Size="12A0">object_tanron3</Object>
<Object Key="021D" Size="DE0">object_gi_magicmushroom</Object>
<Object Key="021E" Size="34F0">object_obj_chan</Object>
<Object Key="021F" Size="1CC0">object_gi_mask10</Object>
<Object Key="0220" Size="16520">object_zos</Object>
<Object Key="0221" Size="B50">object_mask_posthat</Object>
<Object Key="0222" Size="DF0">object_f40_switch</Object>
<Object Key="0223" Size="3E20">object_lodmoon</Object>
<Object Key="0224" Size="2960">object_tro</Object>
<Object Key="0225" Size="F00">object_gi_mask12</Object>
<Object Key="0226" Size="1510">object_gi_mask23</Object>
<Object Key="0227" Size="1CA0">object_gi_bottle_21</Object>
<Object Key="0228" Size="1860">object_gi_camera</Object>
<Object Key="0229" Size="14EA0">object_kamejima</Object>
<Object Key="022A" Size="16600">object_harfgibud</Object>
<Object Key="022B" Size="16270">object_zov</Object>
<Object Key="022C" Size="1D40">object_hgdoor</Object>
<Object Key="022D" Size="0">unset</Object>
<Object Key="022E" Size="0">unset</Object>
<Object Key="022F" Size="0">unset</Object>
<Object Key="0230" Size="1650">object_dor01</Object>
<Object Key="0231" Size="1610">object_dor02</Object>
<Object Key="0232" Size="14D0">object_dor03</Object>
<Object Key="0233" Size="1660">object_dor04</Object>
<Object Key="0234" Size="4B20">object_last_obj</Object>
<Object Key="0235" Size="BB0">object_redead_obj</Object>
<Object Key="0236" Size="DE80">object_ikninside_obj</Object>
<Object Key="0237" Size="13190">object_iknv_obj</Object>
<Object Key="0238" Size="E180">object_pamera</Object>
<Object Key="0239" Size="11E0">object_hsstump</Object>
<Object Key="023A" Size="C890">object_zm</Object>
<Object Key="023B" Size="AC0">object_big_fwall</Object>
<Object Key="023C" Size="2CF0">object_secom_obj</Object>
<Object Key="023D" Size="1940">object_hunsui</Object>
<Object Key="023E" Size="4E60">object_uch</Object>
<Object Key="023F" Size="E80">object_tanron4</Object>
<Object Key="0240" Size="12A0">object_tanron5</Object>
<Object Key="0241" Size="B510">object_dt</Object>
<Object Key="0242" Size="1EB0">object_gi_mask03</Object>
<Object Key="0243" Size="1E10">object_cha</Object>
<Object Key="0244" Size="2640">object_obj_dinner</Object>
<Object Key="0245" Size="16E0">object_gi_reserve_b_01</Object>
<Object Key="0246" Size="2A10">object_lastday</Object>
<Object Key="0247" Size="81B0">object_bai</Object>
<Object Key="0248" Size="C050">object_in2</Object>
<Object Key="0249" Size="D880">object_ikn_demo</Object>
<Object Key="024A" Size="5F60">object_yb</Object>
<Object Key="024B" Size="D8F0">object_rz</Object>
<Object Key="024C" Size="1690">object_mask_zacho</Object>
<Object Key="024D" Size="1820">object_gi_fieldmap</Object>
<Object Key="024E" Size="1040">object_mask_stone</Object>
<Object Key="024F" Size="23A0">object_bjt</Object>
<Object Key="0250" Size="1CE0">object_taru</Object>
<Object Key="0251" Size="1230">object_moonston</Object>
<Object Key="0252" Size="1DA0">object_mask_bree</Object>
<Object Key="0253" Size="18C0">object_gi_schedule</Object>
<Object Key="0254" Size="1350">object_gi_stonemask</Object>
<Object Key="0255" Size="F40">object_zoraband</Object>
<Object Key="0256" Size="8090">object_kepn_koya</Object>
<Object Key="0257" Size="22E0">object_obj_usiyane</Object>
<Object Key="0258" Size="1AC0">object_gi_mask05</Object>
<Object Key="0259" Size="1E90">object_gi_mask11</Object>
<Object Key="025A" Size="1840">object_gi_mask20</Object>
<Object Key="025B" Size="2EA0">object_nnh</Object>
<Object Key="025C" Size="2E90">object_mask_gero</Object>
<Object Key="025D" Size="1AA0">object_mask_yofukasi</Object>
<Object Key="025E" Size="1CE0">object_mask_meoto</Object>
<Object Key="025F" Size="1B50">object_mask_dancer</Object>
<Object Key="0260" Size="1150">object_kzsaku</Object>
<Object Key="0261" Size="1A00">object_obj_milk_bin</Object>
<Object Key="0262" Size="12F0">object_random_obj</Object>
<Object Key="0263" Size="61B0">object_kujiya</Object>
<Object Key="0264" Size="7FC0">object_kitan</Object>
<Object Key="0265" Size="18E0">object_gi_mask06</Object>
<Object Key="0266" Size="1FD0">object_gi_mask16</Object>
<Object Key="0267" Size="24D0">object_astr_obj</Object>
<Object Key="0268" Size="D3E0">object_bsb</Object>
<Object Key="0269" Size="88A0">object_fall2</Object>
<Object Key="026A" Size="3210">object_sth</Object>
<Object Key="026B" Size="1470">object_gi_mssa</Object>
<Object Key="026C" Size="1790">object_smtower</Object>
<Object Key="026D" Size="13B0">object_gi_mask21</Object>
<Object Key="026E" Size="12F0">object_yado_obj</Object>
<Object Key="026F" Size="4DA0">object_syoten</Object>
<Object Key="0270" Size="12A00">object_moonend</Object>
<Object Key="0271" Size="17EB0">object_ob</Object>
<Object Key="0272" Size="1260">object_gi_bottle_04</Object>
<Object Key="0273" Size="BD0">object_obj_danpeilift</Object>
<Object Key="0274" Size="16B0">object_wdor01</Object>
<Object Key="0275" Size="16B0">object_wdor02</Object>
<Object Key="0276" Size="16B0">object_wdor03</Object>
<Object Key="0277" Size="5F60">object_stk3</Object>
<Object Key="0278" Size="12F0">object_kinsta1_obj</Object>
<Object Key="0279" Size="14F0">object_kinsta2_obj</Object>
<Object Key="027A" Size="1E70">object_bh</Object>
<Object Key="027B" Size="1670">object_wdor04</Object>
<Object Key="027C" Size="1670">object_wdor05</Object>
<Object Key="027D" Size="1C50">object_gi_mask17</Object>
<Object Key="027E" Size="16E0">object_gi_mask22</Object>
<Object Key="027F" Size="1510">object_lbfshot</Object>
<Object Key="0280" Size="2450">object_fusen</Object>
<Object Key="0281" Size="87E0">object_ending_obj</Object>
<Object Key="0282" Size="1600">object_gi_mask13</Object>
</Table>