<?xml version="1.0" encoding="utf-8" ?>
<Table KeyType="System.Byte" ValueType="System.String">
  <Scene Key="0000">Inside the Deku Tree</Scene>
  <Scene Key="0001">Dodongo's Cavern</Scene>
  <Scene Key="0002">Inside Jabu-Jabu's Belly</Scene>
  <Scene Key="0003">Forest Temple</Scene>
  <Scene Key="0004">Fire Temple</Scene>
  <Scene Key="0005">Water Temple</Scene>
  <Scene Key="0006">Spirit Temple</Scene>
  <Scene Key="0007">Shadow Temple</Scene>
  <Scene Key="0008">Bottom of the Well</Scene>
  <Scene Key="0009">Ice Cavern</Scene>
  <Scene Key="000A">Ganon's Tower</Scene>
  <Scene Key="000B">Gerudo Training Ground</Scene>
  <Scene Key="000C">Thieves' Hideout</Scene>
  <Scene Key="000D">Inside Ganon's Castle</Scene>
  <Scene Key="000E">Ganon's Tower (Collapsing)</Scene>
  <Scene Key="000F">Inside Ganon's Castle (Collapsing)</Scene>
  <Scene Key="0010">Treasure Box Shop</Scene>
  <Scene Key="0011">Gohma's Lair</Scene>
  <Scene Key="0012">King Dodongo's Lair</Scene>
  <Scene Key="0013">Barinade's Lair</Scene>
  <Scene Key="0014">Phantom Ganon's Lair</Scene>
  <Scene Key="0015">Volvagia's Lair</Scene>
  <Scene Key="0016">Morpha's Lair</Scene>
  <Scene Key="0017">Twinrova's Lair and Nabooru's Mini-Boss Room</Scene>
  <Scene Key="0018">Bongo Bongo's Lair</Scene>
  <Scene Key="0019">Ganondorf's Lair</Scene>
  <Scene Key="001A">Tower Collapse Exterior</Scene>
  <Scene Key="001B">Market Entrance (Child - Day)</Scene>
  <Scene Key="001C">Market Entrance (Child - Night)</Scene>
  <Scene Key="001D">Market Entrance (Ruins)</Scene>
  <Scene Key="001E">Back Alley (Child - Day)</Scene>
  <Scene Key="001F">Back Alley (Child - Night)</Scene>
  <Scene Key="0020">Market (Child - Day)</Scene>
  <Scene Key="0021">Market (Child - Night)</Scene>
  <Scene Key="0022">Market (Ruins)</Scene>
  <Scene Key="0023">Temple of Time Exterior (Child - Day)</Scene>
  <Scene Key="0024">Temple of Time Exterior (Child - Night)</Scene>
  <Scene Key="0025">Temple of Time Exterior (Ruins)</Scene>
  <Scene Key="0026">Know-It-All Brothers' House</Scene>
  <Scene Key="0027">House of Twins</Scene>
  <Scene Key="0028">Mido's House</Scene>
  <Scene Key="0029">Saria's House</Scene>
  <Scene Key="002A">Carpenter Boss's House</Scene>
  <Scene Key="002B">Back Alley House (Man in Green)</Scene>
  <Scene Key="002C">Bazaar</Scene>
  <Scene Key="002D">Kokiri Shop</Scene>
  <Scene Key="002E">Goron Shop</Scene>
  <Scene Key="002F">Zora Shop</Scene>
  <Scene Key="0030">Kakariko Potion Shop</Scene>
  <Scene Key="0031">Market Potion Shop</Scene>
  <Scene Key="0032">Bombchu Shop</Scene>
  <Scene Key="0033">Happy Mask Shop</Scene>
  <Scene Key="0034">Link's House</Scene>
  <Scene Key="0035">Back Alley House (Dog Lady)</Scene>
  <Scene Key="0036">Stable</Scene>
  <Scene Key="0037">Impa's House</Scene>
  <Scene Key="0038">Lakeside Laboratory</Scene>
  <Scene Key="0039">Carpenters' Tent</Scene>
  <Scene Key="003A">Gravekeeper's Hut</Scene>
  <Scene Key="003B">Great Fairy's Fountain (Upgrades)</Scene>
  <Scene Key="003C">Fairy's Fountain</Scene>
  <Scene Key="003D">Great Fairy's Fountain (Spells)</Scene>
  <Scene Key="003E">Grottos</Scene>
  <Scene Key="003F">Grave (Redead)</Scene>
  <Scene Key="0040">Grave (Fairy's Fountain)</Scene>
  <Scene Key="0041">Royal Family's Tomb</Scene>
  <Scene Key="0042">Shooting Gallery</Scene>
  <Scene Key="0043">Temple of Time</Scene>
  <Scene Key="0044">Chamber of the Sages</Scene>
  <Scene Key="0045">Castle Hedge Maze (Day)</Scene>
  <Scene Key="0046">Castle Hedge Maze (Night)</Scene>
  <Scene Key="0047">Cutscene Map</Scene>
  <Scene Key="0048">Dampé's Grave and Windmill</Scene>
  <Scene Key="0049">Fishing Pond</Scene>
  <Scene Key="004A">Castle Courtyard</Scene>
  <Scene Key="004B">Bombchu Bowling Alley</Scene>
  <Scene Key="004C">Ranch House and Silo</Scene>
  <Scene Key="004D">Guard House</Scene>
  <Scene Key="004E">Granny's Potion Shop</Scene>
  <Scene Key="004F">Ganon's Tower Collapse and Battle Arena</Scene>
  <Scene Key="0050">House of Skulltula</Scene>
  <Scene Key="0051">Spot 00 - Hyrule Field</Scene>
  <Scene Key="0052">Spot 01 - Kakariko Village</Scene>
  <Scene Key="0053">Spot 02 - Graveyard</Scene>
  <Scene Key="0054">Spot 03 - Zora's River</Scene>
  <Scene Key="0055">Spot 04 - Kokiri Forest</Scene>
  <Scene Key="0056">Spot 05 - Sacred Forest Meadow</Scene>
  <Scene Key="0057">Spot 06 - Lake Hylia</Scene>
  <Scene Key="0058">Spot 07 - Zora's Domain</Scene>
  <Scene Key="0059">Spot 08 - Zora's Fountain</Scene>
  <Scene Key="005A">Spot 09 - Gerudo Valley</Scene>
  <Scene Key="005B">Spot 10 - Lost Woods</Scene>
  <Scene Key="005C">Spot 11 - Desert Colossus</Scene>
  <Scene Key="005D">Spot 12 - Gerudo's Fortress</Scene>
  <Scene Key="005E">Spot 13 - Haunted Wasteland</Scene>
  <Scene Key="005F">Spot 15 - Hyrule Castle</Scene>
  <Scene Key="0060">Spot 16 - Death Mountain Trail</Scene>
  <Scene Key="0061">Spot 17 - Death Mountain Crater</Scene>
  <Scene Key="0062">Spot 18 - Goron City</Scene>
  <Scene Key="0063">Spot 20 - Lon Lon Ranch</Scene>
  <Scene Key="0064">Ganon's Castle Exterior</Scene>
  <Scene Key="0065">Jungle Gym</Scene>
  <Scene Key="0066">Ganondorf Test Room</Scene>
  <Scene Key="0067">Depth Test</Scene>
  <Scene Key="0068">Stalfos Mini-Boss Room</Scene>
  <Scene Key="0069">Stalfos Boss Room</Scene>
  <Scene Key="006A">Sutaru</Scene>
  <Scene Key="006B">Castle Hedge Maze (Early)</Scene>
  <Scene Key="006C">Sasa Test</Scene>
  <Scene Key="006D">Treasure Chest Room</Scene>
  <Scene Key="006E">Unknown</Scene>
</Table>
