<?xml version="1.0" encoding="utf-8" ?>
<Table KeyType="System.Byte" ValueType="System.String">
<Song Key="00">Ocarina Playing Master</Song>
<Song Key="01">Nature Ambiance</Song>
<Song Key="02">Termina Field</Song>
<Song Key="03">Skull Kid Chase</Song>
<Song Key="04">Majora's Mask Theme</Song>
<Song Key="05">Clock Tower</Song>
<Song Key="06">Majora's Mask Theme</Song>
<Song Key="07">Stone Tower Temple (Inverted)</Song>
<Song Key="08">??? Task Failed?</Song>
<Song Key="09">Game Over?</Song>
<Song Key="0A">Happy Mask Salesman's Theme</Song>
<Song Key="0B">Song of Healing</Song>
<Song Key="0C">Southern Swamp</Song>
<Song Key="0D">"They" (Aliens' Theme)</Song>
<Song Key="0E">Swamp Tour</Song>
<Song Key="0F">Sharp's Curse</Song>
<Song Key="10">Great Bay Coast</Song>
<Song Key="11">Ikana Canyon</Song>
<Song Key="12">Deku Palace</Song>
<Song Key="13">Northern Mountains</Song>
<Song Key="14">Pirates' Fortress</Song>
<Song Key="15">Clock Town Day 1</Song>
<Song Key="16">Clock Town Day 2</Song>
<Song Key="17">Clock Town Day 3</Song>
<Song Key="18">Fairy Fountain</Song>
<Song Key="19">Got Epona Back</Song>
<Song Key="1A">Enemy Encounter</Song>
<Song Key="1B">Boss Battle 2</Song>
<Song Key="1C">Woodfall Temple</Song>
<Song Key="1D">Termina Field Morning Theme</Song>
<Song Key="1E">Opening ~Lost in a Dark Wood~ (1)</Song>
<Song Key="1F">Inside a House</Song>
<Song Key="20">Game Over</Song>
<Song Key="21">Boss Defeated</Song>
<Song Key="22">Item Get</Song>
<Song Key="23">Clock Town Day 2</Song>
<Song Key="24">Heart Container Get</Song>
<Song Key="25">Timed Minigame</Song>
<Song Key="26">Goron Race</Song>
<Song Key="27">Music Box House</Song>
<Song Key="28">Ptr to Fairy Fountain</Song>
<Song Key="29">Zelda's Lullaby</Song>
<Song Key="2A">Kamaro's Theme</Song>
<Song Key="2B">Open Treasure Chest</Song>
<Song Key="2C">Marine Research Laboratory</Song>
<Song Key="2D">The Four Giants</Song>
<Song Key="2E">Guru-Guru's Theme (Windmill)</Song>
<Song Key="2F">Romani Ranch</Song>
<Song Key="30">Goron Village</Song>
<Song Key="31">Mayor's Office</Song>
<Song Key="32">Ocarina Epona's Song</Song>
<Song Key="33">Ocarina Sun's Song</Song>
<Song Key="34">Ocarina Song of Time</Song>
<Song Key="35">Ocarina Song of Storms</Song>
<Song Key="36">Zora Hall</Song>
<Song Key="37">Mask Get</Song>
<Song Key="38">Battle with Skull Kid</Song>
<Song Key="39">Heart Piece Get</Song>
<Song Key="3A">Astral Observatory</Song>
<Song Key="3B">Cave</Song>
<Song Key="3C">Milk Bar</Song>
<Song Key="3D">The Truth Revealed</Song>
<Song Key="3E">Woods of Mystery</Song>
<Song Key="3F">Goron Race Victory</Song>
<Song Key="40">Gorman Race</Song>
<Song Key="41">Gorman Race Victory</Song>
<Song Key="42">Gorman Brothers' Theme</Song>
<Song Key="43">Potion Shop</Song>
<Song Key="44">Shop Theme</Song>
<Song Key="45">Kaepora Gaebora's Theme</Song>
<Song Key="46">Minigame Shop</Song>
<Song Key="47">Ocarina Song of Soaring</Song>
<Song Key="48">Ocarina Song of Healing</Song>
<Song Key="49">Inverted Song of Time</Song>
<Song Key="4A">Song of Double Time</Song>
<Song Key="4B">Sonata of Awakening</Song>
<Song Key="4C">Goron Lullaby</Song>
<Song Key="4D">New Wave Bossa Nova</Song>
<Song Key="4E">Elegy of Emptiness</Song>
<Song Key="4F">Oath to Order</Song>
<Song Key="50">Sword Training</Song>
<Song Key="51">Ocarina Goron Lullaby Intro</Song>
<Song Key="52">Learn New Song</Song>
<Song Key="53">Bremen March</Song>
<Song Key="54">Ballad of the Wind Fish</Song>
<Song Key="55">Song of Soaring</Song>
<Song Key="56">Ptr to Milk Bar</Song>
<Song Key="57">Final Hours</Song>
<Song Key="58">Mikau's Cry 1</Song>
<Song Key="59">Mikau's Cry 2</Song>
<Song Key="5A">Don Gero's Theme</Song>
<Song Key="5B">Ocarina Sonata of Awakening</Song>
<Song Key="5C">Ocarina Goron Lullaby</Song>
<Song Key="5D">Ocarina New Wave Bossa Nova</Song>
<Song Key="5E">Ocarina Elegy of Emptiness</Song>
<Song Key="5F">Ocarina Oath to Order</Song>
<Song Key="60">Ptr to Final Hours</Song>
<Song Key="61">Ptr to Ocarina Goron Lullaby Part</Song>
<Song Key="62">Song-Writing: Bass and Guitar</Song>
<Song Key="63">Song-Writing: Piano</Song>
<Song Key="64">Song-Writing: Rehearsal</Song>
<Song Key="65">Snowhead Temple</Song>
<Song Key="66">Great Bay Temple</Song>
<Song Key="67">???</Song>
<Song Key="68">???</Song>
<Song Key="69">Battle: Majora's Wrath</Song>
<Song Key="6A">Battle: Majora's Incarnation</Song>
<Song Key="6B">Battle: Majora's Mask</Song>
<Song Key="6C">Bass Practice - Zelda 1 Underworld</Song>
<Song Key="6D">Drum Practice - Zelda 3 Cave Theme</Song>
<Song Key="6E">Piano Practice - Zelda 1 End Credits</Song>
<Song Key="6F">Ancient Castle of Ikana</Song>
<Song Key="70">Calling the Four Giants</Song>
<Song Key="71">Kamaro's Theme</Song>
<Song Key="72">Cremia's "Hug"</Song>
<Song Key="73">Keaton</Song>
<Song Key="74">End Credits I</Song>
<Song Key="75">Opening ~Lost in a Dark Wood~ (2)</Song>
<Song Key="76">Title Screen</Song>
<Song Key="77">Temple Appears</Song>
<Song Key="78">Clear Temple (Shorter)</Song>
<Song Key="79">Clear Temple (Longer)</Song>
<Song Key="7A">Nothing</Song>
<Song Key="7B">Battle: Enraged Moon</Song>
<Song Key="7C">Last Call to the Giants</Song>
<Song Key="7D">Love Theme</Song>
<Song Key="7E">Ending ~Dawn of A New Day~</Song>
<Song Key="7F">End Credits II</Song>
</Table>
