﻿<?xml version="1.0" encoding="utf-8"?>
<Table KeyType="System.UInt16" ValueType="System.String">

  <ROM Key="00" Game="OOT" Prefix="DBGMQ" Build="03-02-21 00:16:31" 
       SceneTable="00BA0BB0" 
       SceneTableEnd="00BA1488" 
       EntranceTableStart="00B9F360"
       EntranteTableEnd="00BA0BB0"
       CutsceneTableStart="00B95394"
       CutsceneTableEnd="00B954A4"
       DmaTableStart="00012F70" 
       DmaTableEnd="00019030" 
       SceneDmaTableStart="00016E60" 
       SceneDmaTableEnd="00018E50" 
       RestrictionFlagStart="00B9CA10" 
       RestrictionFlagEnd="00B9CBA0" 
       DefaultSaveFile="00BA167C"
       HeaderTitle="00BD2B56" 
       EntranceTitle="00B1F60A" 
       HeaderNewFile="00B2046A" 
       EntranceNewFile="00B2045E" 
       AgeNewFile="00B20463"
       AgeTitle="00BD2B3C"
       RespawnChild="00B1F79A"
       RespawnAdult="00B1F78A"
       FirstScene="01FC2000"
       SubscreenMapInfo="00B9AC10"
       SubscreenMapInfo2="00B9C934"
       SubscreenMapCompassIcons="00BFA1D0"
       SubscreenMapFloorTextures="00983000"
       SubscreenMapTitleCards="007F4000"
       SubscreenMapFloorAmount="00B9C096"
       SubscreenMapChestVertexData="80830650"
       SubscreenPatch="00BF8E7C,8E6D0008,26ED00E0"
       SpecialTextureTable="00BA1498"
       ObjectTable="00B9E6C0"
       ActorTable="00B8D440"
       ActorTableEnd="00B90F20"
       ParticleTable="00B8CB50"
       ParticleTableEnd="00B8CF5C"
       TitleScreenTextures="017F7000"
	   RandomDropTable="00B8C714"
       >OoT MQ debug rom</ROM>
  <ROM Key="01" Game="OOT" Prefix="N0" Build="98-10-21 04:56:31" 
       SceneTable="00B71440" 
       SceneTableEnd="00B71C28" 
       EntranceTableStart="00B6FBF0"
       EntranteTableEnd="00B71440"
       CutsceneTableStart="00B65C64"
       CutsceneTableEnd="00B65D74"
       DmaTableStart="00007430" 
       DmaTableEnd="0000D390" 
       SceneDmaTableStart="0000B320" 
       SceneDmaTableEnd="0000D1B0" 
       RestrictionFlagStart="00B6D2B0" 
       RestrictionFlagEnd="00B6D440" 
       DefaultSaveFile="00B71E5C"
       HeaderTitle="00BA1192" 
       EntranceTitle="00B061EA" 
       HeaderNewFile="00B06BBA" 
       EntranceNewFile="00B06BAE" 
       AgeNewFile="00B06BB3"
       AgeTitle="00BA117C"
       RespawnChild="00B06342"
       RespawnAdult="00B06332"
       FirstScene="02499000"
       SubscreenMapInfo="00B6B4B0"
       SubscreenMapInfo2="00B6D1D4"
       SubscreenMapCompassIcons="00BC7E00"
       SubscreenMapFloorTextures="00A65000"
       SubscreenMapTitleCards="00872000"
       SubscreenMapFloorAmount="00B6C936"
       SubscreenMapChestVertexData="8082EA00"
       SubscreenPatch="00BC6C6C,8E6F0008,26EF00E0"
       SpecialTextureTable="00B71D4C"
       ObjectTable="00B6EF50"
       ActorTable="00B5E490"
       ActorTableEnd="00B61F70"
       ParticleTable="00B5DBA0"
       ParticleTableEnd="00B5DFAC"
       TitleScreenTextures="01795000"
	   RandomDropTable="00B5D764"
       >OoT JP/US 1.0</ROM>
  <ROM Key="02" Game="MM" Prefix="MQU" Build="03-08-26 04:20:25" Comment="INCOMPLETE!!!"
       SceneTable="00C67660" 
       SceneTableEnd="00C68760" 
       EntranceTableStart="0"
       EntranteTableEnd="0"
       CutsceneTableStart="0"
       CutsceneTableEnd="0"
       DmaTableStart="0" 
       DmaTableEnd="0" 
       SceneDmaTableStart="0001F5B0" 
       SceneDmaTableEnd="00020E7F" 
       RestrictionFlagStart="0" 
       RestrictionFlagEnd="0" 
       DefaultSaveFile="0"
       HeaderTitle="0" 
       EntranceTitle="0" 
       HeaderNewFile="0" 
       EntranceNewFile="0" 
       AgeNewFile="0"
       AgeTitle="0"
       RespawnChild="0"
       RespawnAdult="0"
       FirstScene="01F4B000"
       SubscreenMapInfo="0"
       SubscreenMapInfo2="0"
       SubscreenMapCompassIcons="0"
       SubscreenMapFloorTextures="0"
       SubscreenMapTitleCards="0"
       SubscreenMapFloorAmount="0"
       SubscreenMapChestVertexData="0"
       SubscreenPatch="0"
       SpecialTextureTable="0"
       ObjectTable="0"
       ActorTable="0"
       ActorTableEnd="0"
       ParticleTable="0"
       ParticleTableEnd="0"
       TitleScreenTextures="0"
	   RandomDropTable="0"
       >MM GCN USA</ROM>
  <ROM Key="03" Game="MM" Prefix="J0" Build="00-03-31 02:22:11" 
       SceneTable="00C76510" 
       SceneTableEnd="00C76C20" 
       EntranceTableStart="00C76C20"
       EntranteTableEnd="00C77F5C"
       CutsceneTableStart="0"
       CutsceneTableEnd="0"
       DmaTableStart="0001C110" 
       DmaTableEnd="000222F0" 
       SceneDmaTableStart="000207E0" 
       SceneDmaTableEnd="00022100" 
       RestrictionFlagStart="00C71E80" 
       RestrictionFlagEnd="00C72044" 
       DefaultSaveFile="0"
       HeaderTitle="00BA365E" 
       EntranceTitle="00C9F8A2" 
       HeaderNewFile="0"
       EntranceNewFile="00BF9856" 
       AgeNewFile="00BF985E"
       AgeTitle="0"
       RespawnChild="0"
       RespawnAdult="0"
       FirstScene="01F15000"
       SubscreenMapInfo="0"
       SubscreenMapInfo2="0"
       SubscreenMapCompassIcons="0"
       SubscreenMapFloorTextures="0"
       SubscreenMapTitleCards="0"
       SubscreenMapFloorAmount="0"
       SubscreenMapChestVertexData="0"
       SubscreenPatch="0"
       SpecialTextureTable="0"
       ObjectTable="00C74FC0"
       ActorTable="00C617C0"
       ActorTableEnd="00C66E00"
       ParticleTable="00C60C90"
       ParticleTableEnd="00C610D4"
       TitleScreenTextures="0"
	   RandomDropTable="0"
       >MM J 1.0</ROM>
  <ROM Key="04" Game="MM" Prefix="U0" Build="00-07-31 17:04:16" 
       SceneTable="00C5A1E0" 
       SceneTableEnd="00C5A8F0" 
       EntranceTableStart="00C5A8F0"
       EntranteTableEnd="00C5BC38"
       CutsceneTableStart="0"
       CutsceneTableEnd="0"
       DmaTableStart="0001A500" 
       DmaTableEnd="000206E0" 
       SceneDmaTableStart="0001EC10" 
       SceneDmaTableEnd="00020400" 
       RestrictionFlagStart="00C55C00" 
       RestrictionFlagEnd="00C55DC4" 
       DefaultSaveFile="0"
       HeaderTitle="00B806E6" 
       EntranceTitle="00C7E4A2" 
       HeaderNewFile="0"
       EntranceNewFile="00BDB882" 
       AgeNewFile="00BDB88A"
       AgeTitle="0"
       RespawnChild="0"
       RespawnAdult="0"
       FirstScene="01F0D000"
       SubscreenMapInfo="0"
       SubscreenMapInfo2="0"
       SubscreenMapCompassIcons="0"
       SubscreenMapFloorTextures="0"
       SubscreenMapTitleCards="0"
       SubscreenMapFloorAmount="0"
       SubscreenMapChestVertexData="0"
       SubscreenPatch="0"
       SpecialTextureTable="0"
       ObjectTable="00C58C90"
       ActorTable="00C45510"
       ActorTableEnd="00C4AB30"
       ParticleTable="00C449E0"
       ParticleTableEnd="00C44E24"
       TitleScreenTextures="0"
	   RandomDropTable="0"
       >MM U 1.0</ROM>



</Table>