<?xml version="1.0" encoding="utf-8"?>
<Table KeyType="System.UInt16" ValueType="System.String">

  <!-- Hardcoded flags (don't use those flag names in this XML!) -->
  <!-- Flag Key="#Door" usage: the faces having this tag will have collision on both sides, and SO will place a sliding door with "autoplace transition actors"-->
  <!-- Flag Key="#BlackPlane" usage: the faces having this tag will have no collision, and SO will place a blackplane with "autoplace transition actors"-->
  <!-- Flag Key="#Room" usage: #Room<number>, where <number> is the room number, this flag is only used if you press "Add multiple rooms"-->
  <!-- Flag Key="#NoMesh" usage: Mesh will not be written -->
  <!-- Flag Key="#NoCollision" usage: Doesn't write collision, no need to use if #BlackPlane tag is set -->
  
  <!-- ID tags -->
  <Flag Key="#Polytype" Value="00"></Flag><!-- usage: #Polytype00, where 0 is polytype ID in SO, OVERRIDES ALL THE COLLISION TAGS BELOW-->
  <Flag Key="#Exit" Value="00"></Flag><!-- usage: #Exit00, where 00 is exit ID (hex) in SO-->
  <Flag Key="#Camera" Value="0"></Flag><!-- usage: #Camera0, where 0 is camera ID (hex) in SO-->
  <Flag Key="#Environment" Value="0"></Flag><!-- usage: #Environment0, where 0 is Environment ID (hex) in SO in groups of 4 (0 = envs 0-3, 1 = envs 4-7...) -->
  <Flag Key="#IndoorEnv" Value="0"></Flag><!-- usage: #IndoorEnv00, where 0 is Environment ID (hex) in SO-->
  <Flag Key="#Direction" Value="00"></Flag><!-- usage: #Direction00, where 00 is direction amount (hex) (0-3F)-->
  <Flag Key="#Speed" Value="0"></Flag><!-- usage: #Speed0, where 0 is speed amount (1 - slow, 2 - mid, 3 - fast, 4 - preserves previous speed)-->
  <Flag Key="#Echo" Value="00"></Flag><!-- usage: #Echo00, where 00 is echo amount (0 uses room designated echo)-->

  <!--Flag Key="#WaterStream" usage: add this tag in conjunction with direction and speed to make link move while in waterboxes -->
  
  <!-- Detection flags -->
  <!-- Flag Key="#IgnoreCamera" usage: Camera goes through this collision -->
  <!-- Flag Key="#IgnoreActors" usage: Actors goes through this collision -->
  <!-- Flag Key="#IgnoreProjectiles" usage: Projectiles goes through this collision -->

  <!-- Flag Key="#Pivot" usage: Sets pivot point origin -->
  
  <!-- Sound flags -->
  <Flag Key="#Dirt" Value="0000000000000000"></Flag>
  <Flag Key="#Sand" Value="0000000000000001"></Flag>
  <Flag Key="#Stone" Value="0000000000000002"></Flag>
  <Flag Key="#WetStone" Value="0000000000000003"></Flag>
  <Flag Key="#ShallowWater1" Value="0000000000000004"></Flag>
  <Flag Key="#ShallowWater2" Value="0000000000000005"></Flag>
  <Flag Key="#TallGrass" Value="0000000000000006"></Flag>
  <Flag Key="#Snow" Value="0000000000000008"></Flag>
  <Flag Key="#Wood" Value="000000000000000A"></Flag> <!-- Used on walls, but also changes ground -->
  <Flag Key="#PlankWood" Value="0000000000000009"></Flag> <!-- Used on ground -->
  <Flag Key="#Grass" Value="000000000000000B"></Flag>
  <Flag Key="#Ceramic" Value="000000000000000C"></Flag>
  <Flag Key="#Carpet" Value="000000000000000D"></Flag>

  <!-- Climb flags -->
  <Flag Key="#TopLadder" Value="0060000000000000"></Flag>
  <Flag Key="#Ladder" Value="0040000000000000"></Flag>
  <Flag Key="#Climbable" Value="0080000000000000"></Flag>
  <Flag Key="#Crawl" Value="00A0000000000000"></Flag>
  <Flag Key="#NoLedgeClimb" Value="0020000000000000"></Flag>

  <!-- Special flags -->
  <Flag Key="#Quicksand" Value="0000800000000000"></Flag>
  <Flag Key="#KillingQuicksand" Value="0001800000000000"></Flag>
  <Flag Key="#Lava" Value="0000600000000007"></Flag><!-- merged with the sound -->
  <Flag Key="#GroundDamage" Value="0000400008000000"></Flag>
  <Flag Key="#KillingLava" Value="0001200000000000"></Flag>
  <Flag Key="#NoFallDamage" Value="0000C00000000000"></Flag>
  <Flag Key="#JabuJabu" Value="0001000000000000"></Flag>
  <Flag Key="#Ice" Value="0000A00000000000"></Flag>
  <Flag Key="#NoJumpKillingQuicksand" Value="0000E00000000000"></Flag>

  <!-- Other -->
  <Flag Key="#Steep" Value="0000000000000010"></Flag>
  <Flag Key="#Hookshot" Value="0000000000020000"></Flag>
  <Flag Key="#Void" Value="3000000000000000"></Flag>
  <Flag Key="#SmallVoid" Value="1400000000000000"></Flag>
  <Flag Key="#Dive" Value="2C00000000000000"></Flag>
  <Flag Key="#AutograbClimb" Value="1800000000000000"></Flag>
  <Flag Key="#NoLedgeJump" Value="2400000000000000"></Flag>
  <Flag Key="#ForceClimb" Value="1800000000000000"></Flag>
  <Flag Key="#WallDamage" Value="0000000008000000"></Flag>
  <Flag Key="#BlockEpona" Value="8000000000000000"></Flag>
  <Flag Key="#Lower1Unit" Value="4000000000000000"></Flag>
  
  <!-- trash -->
  <Flag Key="#MidairAnims" Value="2000000000000000"></Flag>
  <Flag Key="#ISG" Value="1C00000000000000"></Flag>
  
  <!-- mesh flags: the following flags enable settings in the groups on import, they will not be forced on inject-->

  <!-- #Alpha usage: AlphaXX where XX is the amount of alpha in hex -->
  <!-- #Animated usage: AnimatedX where X is the animation bank -->
  <!-- #MultiAlpha usage: MultiAlphaXX where XX is the amount of alpha in hex -->
  <!-- #ShiftS usage: ShiftSXX where XX is the amount in dec -->
  <!-- #ShiftT usage: ShiftTXX where XX is the amount in dec -->
  <!-- #MultiShiftS usage: MultiShiftSXX where XX is the amount in dec -->
  <!-- #MultiShiftT usage: MultiShiftTXX where XX is the amount in dec -->
  <!-- #BackfaceCulling it does the reverse of the default, so it disables backfaceculling -->
  <!-- #Metallic-->
  <!-- #Decal-->
  <!-- #Billboard-->
  <!-- #2DBillboard-->
  <!-- #MirrorX I recommend to use the texture tag variant instead-->
  <!-- #MirrorY I recommend to use the texture tag variant instead-->
  <!-- #ClampX I recommend to use the texture tag variant instead-->
  <!-- #ClampY I recommend to use the texture tag variant instead-->
  <!-- #IgnoreFog-->
  <!-- #SmoothRGBALedges-->
  <!-- #Pixelated-->
  <!-- #EnvColor-->
  <!-- #ReverseLight-->
  <!-- #MaskAlpha-->
  <!-- #RenderLast-->
  <!-- #ScaledNormals-->
  <!-- #LodGroupX usage: LodGroupX where X is the LOD group in Hex-->
  <!-- #LodDistanceXXX" usage: LodDistanceXXXX where XXXX is the LOD distance in Dec -->
  <!-- #Tint usage: TintXXXXXX where XXXXXX is RRGGBB in hex -->
  <!-- #FC usage: custom G_SETCOMBINE, better use the UI due char limit -->
  <!-- #D9 usage: custom G_GEOMETRYMODE, better use the UI due char limit -->
  <!-- #E2 usage: custom G_SETOTHERMODE_L, better use the UI due char limit -->



  <!-- texture flags: the following flags set specific settings on each texture if they're found in their filenames -->
  <!-- #ClampX"-->
  <!-- #ClampY"-->
  <!-- #MirrorX"-->
  <!-- #MirrorY"-->
  <!-- #Special usage: Special X where X is the frame of the special texture"-->
  <!-- #RGBA16"-->
  <!-- #RGBA32"-->
  <!-- #CI4"-->
  <!-- #CI8"-->
  <!-- #I4"-->
  <!-- #I8"-->
  <!-- #IA8"-->
  <!-- #IA16"-->

  <!-- Following flags are mainly for io_export_so2. -->
  <!-- These are the same flags that can be found -->
  <!-- above so you do not need to use these. -->

  <Flag Type="0" Key="#SFX_0" Name="Dirt" Value="0000000000000000"></Flag>
  <Flag Type="0" Key="#SFX_1" Name="Sand" Value="0000000000000001"></Flag>
  <Flag Type="0" Key="#SFX_2" Name="Stone" Value="0000000000000002"></Flag>
  <Flag Type="0" Key="#SFX_3" Name="WetStone" Value="0000000000000003"></Flag>
  <Flag Type="0" Key="#SFX_4" Name="Water" Value="0000000000000004"></Flag>
  <Flag Type="0" Key="#SFX_5" Name="Shallow Water" Value="0000000000000005"></Flag>
  <Flag Type="0" Key="#SFX_6" Name="Bush" Value="0000000000000006"></Flag>
  <Flag Type="0" Key="#SFX_7" Name="Lava" Value="0000000000000007"></Flag>
  <Flag Type="0" Key="#SFX_8" Name="Grass" Value="0000000000000008"></Flag>
  <Flag Type="0" Key="#SFX_9" Name="Plank Wood" Value="0000000000000009"></Flag>
  <Flag Type="0" Key="#SFX_A" Name="Wood" Value="000000000000000A"></Flag>
  <Flag Type="0" Key="#SFX_B" Name="Ice" Value="000000000000000B"></Flag>
  <Flag Type="0" Key="#SFX_C" Name="Carpet" Value="000000000000000C"></Flag>
  <Flag Type="0" Key="#SFX_D" Name="UnkD" Value="000000000000000D"></Flag>
  <Flag Type="0" Key="#SFX_E" Name="UnkE" Value="000000000000000E"></Flag>
  <Flag Type="0" Key="#SFX_F" Name="UnkF" Value="000000000000000F"></Flag>

  <Flag Type="1" Key="#FLOORPROPERTY_NONE" Name="None" Value="0000000000000000"></Flag>
  <Flag Type="1" Key="#FLOORPROPERTY_SMALL_VOID" Name="Small Void" Value="1400000000000000"></Flag>
  <Flag Type="1" Key="#FLOORPROPERTY_HANG_LEDGE" Name="Hang Ledge" Value="1800000000000000"></Flag>
  <Flag Type="1" Key="#FLOORPROPERTY_STOP_AIR_MOMENTUM" Name ="Stop Air Momentum" Value="2000000000000000"></Flag>
  <Flag Type="1" Key="#FLOORPROPERTY_NO_LEDGE_JUMP" Name ="No Ledge Jump" Value="2400000000000000"></Flag>
  <Flag Type="1" Key="#FLOORPROPERTY_DIVE" Name ="Dive" Value="2C00000000000000"></Flag>
  <Flag Type="1" Key="#FLOORPROPERTY_VOID" Name ="Void" Value="3000000000000000"></Flag>
  <Flag Type="1" Key="#FLOORPROPERTY_UNK01" Name="Unk1" Value="0400000000000000"></Flag>
  <Flag Type="1" Key="#FLOORPROPERTY_UNK02" Name ="Unk2" Value="0800000000000000"></Flag>
  <Flag Type="1" Key="#FLOORPROPERTY_UNK03" Name ="Unk3" Value="0C00000000000000"></Flag>
  <Flag Type="1" Key="#FLOORPROPERTY_UNK04" Name ="Unk4" Value="1000000000000000"></Flag>
  <Flag Type="1" Key="#FLOORPROPERTY_UNK07" Name ="Unk7" Value="1C00000000000000"></Flag>
  <Flag Type="1" Key="#FLOORPROPERTY_UNK0A" Name ="UnkA" Value="2800000000000000"></Flag>

  <Flag Type="2" Key="#WALLPROPERTY_NONE" Name="None" Value="0000000000000000"></Flag>
  <Flag Type="2" Key="#WALLPROPERTY_NO_LEDGE_GRAB" Name ="No Ledge Grab" Value="0020000000000000"></Flag>
  <Flag Type="2" Key="#WALLPROPERTY_LADDER" Name ="Ladder" Value="0040000000000000"></Flag>
  <Flag Type="2" Key="#WALLPROPERTY_LADDER_TOP" Name ="Ladder Top" Value="0060000000000000"></Flag>
  <Flag Type="2" Key="#WALLPROPERTY_VINE" Name ="Climbable" Value="0080000000000000"></Flag>
  <Flag Type="2" Key="#WALLPROPERTY_CRAWL_A" Name ="Crawl A" Value="00A0000000000000"></Flag>
  <Flag Type="2" Key="#WALLPROPERTY_CRAWL_B" Name ="Crawl B" Value="00C0000000000000"></Flag>
  <Flag Type="2" Key="#WALLPROPERTY_PUSH" Name ="Push" Value="00E0000000000000"></Flag>
  <Flag Type="2" Key="#WALLPROPERTY_UNK08" Name ="Unk8" Value="0100000000000000"></Flag>
  <Flag Type="2" Key="#WALLPROPERTY_UNK09" Name ="Unk9" Value="0120000000000000"></Flag>
  <Flag Type="2" Key="#WALLPROPERTY_UNK0A" Name ="UnkA" Value="0140000000000000"></Flag>
  <Flag Type="2" Key="#WALLPROPERTY_UNK0B" Name ="UnkB" Value="0160000000000000"></Flag>
  <Flag Type="2" Key="#WALLPROPERTY_UNK0C" Name ="UnkC" Value="0180000000000000"></Flag>
  <Flag Type="2" Key="#WALLPROPERTY_UNK0D" Name ="UnkD" Value="01A0000000000000"></Flag>
  <Flag Type="2" Key="#WALLPROPERTY_UNK0E" Name ="UnkE" Value="01C0000000000000"></Flag>
  <Flag Type="2" Key="#WALLPROPERTY_UNK0F" Name ="UnkF" Value="01E0000000000000"></Flag>

  <Flag Type="3" Key="#FLOORSPECIAL_NONE" Name="None" Value="0000000000000000"></Flag>
  <Flag Type="3" Key="#FLOORSPECIAL_HURT_SPIKES" Name ="Hurt" Value="0000400000000000"></Flag>
  <Flag Type="3" Key="#FLOORSPECIAL_HURT_LAVA" Name ="Hurt (Lava)" Value="0000600000000000"></Flag>
  <Flag Type="3" Key="#FLOORSPECIAL_SAND" Name ="Sand" Value="0000800000000000"></Flag>
  <Flag Type="3" Key="#FLOORSPECIAL_SLIPPERY" Name ="Slippery" Value="0000A00000000000"></Flag>
  <Flag Type="3" Key="#FLOORSPECIAL_NO_FALL_DAMAGE" Name ="No Fall Damage" Value="0000C00000000000"></Flag>
  <Flag Type="3" Key="#FLOORSPECIAL_QUICKSAND" Name ="Quicksand" Value="0000E00000000000"></Flag>
  <Flag Type="3" Key="#FLOORSPECIAL_JABU_WALL" Name ="Jabu Wall" Value="0001000000000000"></Flag>
  <Flag Type="3" Key="#FLOORSPECIAL_VOID_ON_CONTACT" Name ="Void on Contact" Value="0001200000000000"></Flag>
  <Flag Type="3" Key="#FLOORSPECIAL_LINK_LOOK_UP" Name ="Look Up" Value="0001400000000000"></Flag>
  <Flag Type="3" Key="#FLOORSPECIAL_QUICKSAND_EPONA" Name ="Quicksand (Epona Crossable)" Value="0001600000000000"></Flag>
  <Flag Type="3" Key="#FLOORSPECIAL_UNK01" Name ="Unk1" Value="0000200000000000"></Flag>
  <Flag Type="3" Key="#FLOORSPECIAL_UNK0C" Name="UnkC" Value="0001800000000000"></Flag>


</Table>